date,Atlanta,Boston,Chicago,Cleveland,Dallas,KC,Minneapolis,National,NY,Philadelphia,Richmond,SF,SL,Consensus
1970-05,-0.48571429,-0.625,-0.38636364,-0.43478261,-0.11764706,-0.23333333,-0.32432432,-0.66666667,-0.13636364,-0.34482759,-0.30769231,-0.21621622,-0.73684211,-0.36242559
1970-06,-0.4,-0.13888889,-0.51162791,-0.41935484,-0.475,0.12121212,-0.53125,-0.4,-0.63157895,-0.55,-0.57575758,-0.47826087,0.08571429,-0.37539939
1970-07,-0.125,-0.12,-0.35,-0.37037037,0.07407407,-0.25714286,-0.51515152,-0.35135135,-0.12903226,-0.25,-0.46875,-0.48387097,-0.46428571,-0.28829413
1970-08,-0.29032258,0.04347826,-0.27586207,-0.24137931,-0.35714286,-0.45,-0.39473684,-0.48275862,-0.27272727,-0.47368421,-0.1,-0.44,-0.48275862,-0.31126129
1970-09,-0.31034483,-0.03030303,-0.26086957,-0.25,0.05405405,0.10714286,-0.4516129,-0.30769231,-0.03703704,-0.47368421,-0.03225806,-0.13513514,-0.23333333,-0.1711151
1970-10,-0.57692308,-0.07692308,-0.36111111,0.0,0.08695652,-0.26829268,-0.375,-0.48780488,-0.36666667,-0.4375,-0.10714286,-0.17142857,-0.2962963,-0.24586065
1970-11,-0.30555556,-0.06976744,-0.20454545,-0.51724138,-0.25806452,-0.35294118,-0.5,-0.58064516,-0.47826087,-0.4,-0.25,-0.25714286,-0.35294118,-0.3288717
1970-12,-0.17777778,-0.33333333,-0.34146341,0.125,0.18181818,0.29166667,-0.32142857,-0.59459459,-0.08333333,-0.35555556,-0.2,-0.19444444,-0.42857143,-0.15311858
1971-01,-0.125,,-0.17948718,0.08333333,0.04545455,-0.17948718,-0.37931034,-0.1,-0.25,-0.20588235,-0.07407407,-0.16216216,-0.09090909,-0.13795677
1971-02,-0.2173913,-0.04761905,-0.125,0.0,-0.125,0.26666667,-0.375,-0.44736842,-0.13043478,0.125,-0.35714286,-0.0952381,0.13333333,-0.07898551
1971-03,-0.29166667,-0.46666667,-0.05405405,-0.03225806,-0.2,0.0,-0.11538462,-0.44444444,-0.17241379,-0.48387097,0.47826087,-0.17647059,0.07407407,-0.12003754
1971-04,-0.07692308,-0.2,-0.32432432,-0.20833333,-0.37037037,-0.05405405,0.16129032,-0.5,-0.61904762,-0.34375,0.03448276,-0.15,-0.16129032,-0.19269333
1971-05,-0.06976744,0.14285714,-0.10416667,0.0,-0.03225806,0.1509434,0.13043478,0.19354839,-0.125,0.08108108,0.29166667,-0.03030303,0.3125,0.06233232
1971-06,0.05405405,-0.08695652,-0.14285714,-0.33333333,0.08333333,0.28571429,0.13043478,0.23333333,-0.08333333,0.03030303,0.14814815,-0.02631579,0.22580645,0.02374983
1971-07,-0.02439024,-0.16216216,0.0,-0.46153846,0.0,0.125,-0.09375,-0.03846154,-0.5,-0.38709677,0.2,0.0,0.33333333,-0.08088369
1971-08,-0.22857143,-0.04255319,0.05,-0.44,0.34482759,-0.35897436,-0.13636364,-0.28,-0.47619048,-0.35294118,0.03703704,-0.17948718,-0.03703704,-0.15168782
1971-09,0.41025641,-0.02777778,0.05405405,0.0,-0.03030303,0.0,0.11538462,0.18518519,0.04347826,0.16,0.30434783,0.23076923,0.36,0.13501747
1971-10,-0.06666667,-0.02702703,-0.23076923,-0.23529412,0.37142857,-0.21621622,0.15625,-0.13888889,0.15,-0.32,0.25,0.25,0.4137931,0.04129153
1971-11,-0.03333333,-0.38461538,-0.2,-0.22222222,0.12903226,-0.07692308,0.24,-0.15625,-0.2173913,0.22222222,-0.39285714,-0.03225806,0.03333333,-0.07791773
1971-12,0.03571429,-0.02439024,0.07317073,-0.57142857,0.11428571,0.21052632,0.30434783,-0.225,-0.11111111,0.07407407,0.08,0.03333333,-0.12820513,0.00752644
1972-02,0.05405405,-0.05263158,0.14,0.0,-0.12195122,0.16216216,0.19444444,-0.1,-0.17857143,0.18181818,0.23076923,0.19354839,0.21212121,0.08464695
1972-03,0.23333333,0.0,-0.09090909,0.03571429,0.48780488,0.51428571,0.0,0.10714286,0.13793103,0.3030303,0.23809524,0.03030303,0.11764706,0.16726965
1972-04,0.30434783,0.03571429,0.26470588,0.37037037,0.32258065,0.54285714,0.15625,0.34545455,-0.17647059,0.76923077,0.2962963,0.36111111,0.12121212,0.28068382
1972-05,-0.02631579,-0.14285714,0.17391304,-0.27272727,0.45714286,0.70967742,0.35714286,-0.22580645,0.34482759,0.63636364,0.24137931,0.03125,0.17241379,0.22351752
1972-06,0.09375,0.18518519,-0.02857143,0.44444444,0.32432432,0.24324324,0.05405405,0.40816327,-0.29032258,0.34482759,0.38461538,0.11111111,0.51724138,0.19865856
1972-07,0.32142857,0.15625,0.1,0.14814815,0.4,0.25,-0.16666667,0.16666667,-0.27272727,0.17241379,0.2,0.22857143,0.14285714,0.14002293
1972-08,-0.25,-0.10526316,0.26829268,0.11764706,0.30232558,0.37837838,0.21621622,0.15217391,0.04761905,0.16129032,0.34615385,0.2173913,0.34375,0.17031677
1972-09,0.15,-0.04545455,0.05,0.25,0.08571429,0.16216216,0.65517241,0.4,0.12903226,0.37037037,0.18518519,0.3125,0.15625,0.20507768
1972-10,-0.19354839,-0.05128205,0.18181818,-0.11111111,0.42424242,0.18421053,0.48275862,0.39285714,0.08695652,0.33333333,0.48,0.5625,-0.06451613,0.19294683
1972-11,-0.19444444,-0.03846154,0.03773585,0.41666667,0.46153846,0.38888889,0.02941176,0.25581395,0.0952381,0.11111111,0.30769231,-0.22580645,0.17857143,0.13067851
1972-12,-0.06122449,-0.075,-0.21052632,0.20512821,0.35714286,0.2,0.29032258,0.30232558,0.12,0.11538462,0.48148148,0.26666667,0.08571429,0.14792416
1973-01,0.16666667,-0.32,-0.09756098,0.17142857,0.35,-0.10344828,-0.32142857,0.31034483,0.2,0.31428571,0.55555556,0.16666667,0.1875,0.10580545
1973-02,-0.17391304,-0.11764706,-0.15217391,0.0,-0.03846154,0.23809524,-0.16,0.12244898,-0.04347826,0.46875,0.37931034,-0.08333333,0.31428571,0.05261951
1973-03,-0.02941176,-0.13157895,-0.04761905,0.15625,0.4,-0.08108108,-0.3,-0.1,-0.31034483,0.4516129,0.5,0.12903226,0.02777778,0.06371977
1973-04,-0.22857143,-0.16666667,-0.2745098,-0.28571429,0.05405405,-0.15555556,-0.08823529,-0.36666667,-0.12903226,0.25806452,0.46666667,-0.13793103,0.12903226,-0.04653324
1973-05,0.0,-0.36111111,-0.08163265,-0.26086957,0.28571429,-0.37931034,-0.2972973,0.0,-0.22857143,0.33333333,0.4137931,-0.11764706,-0.03571429,-0.06077609
1973-06,-0.29545455,-0.29032258,-0.47222222,-0.46428571,0.0,-0.06666667,-0.15384615,-0.18181818,-0.25925926,0.26923077,0.13793103,0.0625,-0.22222222,-0.14621813
1973-07,-0.07894737,-0.39393939,-0.4,-0.18518519,0.19047619,-0.41304348,-0.04651163,-0.38636364,-0.47826087,-0.1,0.16666667,-0.61111111,-0.55882353,-0.24238998
1973-08,-0.03125,-0.24324324,-0.0212766,-0.19512195,-0.05882353,-0.39130435,0.03571429,-0.07142857,-0.5483871,0.12903226,0.17241379,-0.39393939,-0.11764706,-0.13865274
1973-09,-0.19047619,-0.18604651,-0.13953488,-0.24242424,0.08571429,-0.30952381,0.04,-0.34210526,-0.44827586,0.10344828,0.24137931,-0.08333333,0.06666667,-0.08853386
1973-10,-0.20408163,-0.08510638,-0.2195122,-0.33333333,0.21428571,-0.34146341,0.28947368,-0.14942529,-0.44,0.10344828,-0.3030303,-0.35897436,-0.4,-0.17319116
1973-11,-0.52173913,-0.44117647,-0.12820513,-0.55172414,-0.18518519,-0.27906977,-0.1875,-0.22857143,-0.54166667,-0.1,-0.05882353,-0.14285714,-0.15625,-0.27451643
1973-12,-0.56410256,-0.34375,-0.07692308,-0.33333333,-0.2962963,-0.35897436,-0.27777778,-0.23684211,-0.55172414,0.0,-0.27586207,-0.32352941,-0.30769231,-0.30916378
1974-01,-0.31111111,-0.38095238,-0.37837838,-0.15,-0.5,-0.05882353,-0.21875,-0.25925926,-0.34615385,0.0,-0.39130435,-0.26315789,-0.30434783,-0.27524828
1974-02,-0.45833333,-0.38461538,-0.425,-0.30555556,-0.27272727,0.075,-0.31578947,-0.19230769,-0.5,-0.17647059,-0.28571429,-0.175,-0.19230769,-0.28470947
1974-03,-0.68292683,-0.11764706,-0.24390244,-0.38709677,0.28571429,-0.10810811,-0.12903226,0.0,-0.06451613,-0.37931034,-0.32258065,-0.31578947,0.03571429,-0.20245679
1974-04,-0.125,-0.11764706,-0.35294118,-0.5,-0.53571429,-0.13157895,0.03225806,-0.11904762,0.33333333,0.02941176,0.19444444,0.02325581,-0.09375,-0.10366067
1974-05,0.07272727,-0.30769231,-0.14285714,-0.20754717,-0.35897436,-0.4,-0.31034483,-0.33333333,0.0,0.06896552,-0.28205128,-0.15384615,-0.07407407,-0.17464121
1974-06,-0.41509434,-0.30555556,-0.21276596,-0.16666667,-0.42857143,-0.225,-0.16216216,-0.32653061,-0.56,0.13793103,-0.43333333,-0.25,-0.32692308,-0.27901179
1974-07,-0.07017544,-0.22222222,-0.19565217,-0.15686275,-0.45714286,-0.27272727,-0.17948718,-0.39215686,-0.52,-0.25,-0.21052632,-0.07692308,-0.08,-0.22430994
1974-08,0.21153846,-0.44444444,-0.4,-0.23255814,0.02857143,-0.4,-0.19444444,-0.34482759,-0.33333333,-0.5,-0.45238095,-0.13043478,-0.125,-0.24770718
1974-09,-0.14705882,-0.34090909,-0.33333333,-0.44680851,-0.21428571,-0.15,-0.10810811,-0.57894737,-0.35483871,0.39393939,-0.25714286,-0.375,-0.11764706,-0.20426607
1974-10,-0.26190476,-0.42857143,-0.63157895,-0.09302326,-0.21052632,-0.13333333,-0.18604651,-0.6,-0.2173913,-0.11111111,-0.79069767,-0.325,-0.15384615,-0.29525257
1974-11,-0.35714286,-0.3030303,-0.58139535,-0.4893617,-0.13513514,-0.18,-0.33333333,-0.50877193,-0.56,-0.48387097,-0.40540541,-0.28571429,-0.60869565,-0.39359042
1974-12,-0.36363636,-0.30769231,-0.54545455,-0.59090909,-0.525,-0.4,-0.24324324,-0.3,-0.53571429,-0.4,-0.41463415,-0.34375,-0.48387097,-0.42949208
1975-01,-0.00990099,-0.34693878,-0.25454545,-0.5625,-0.21875,0.20454545,-0.32352941,-0.65517241,-0.36666667,-0.58823529,-0.5,-0.4,-0.30952381,-0.30633708
1975-02,0.125,-0.3442623,-0.43902439,-0.47272727,-0.3125,-0.3030303,-0.19148936,-0.36842105,-0.5,-0.52941176,-0.41860465,-0.15151515,-0.32142857,-0.32158281
1975-03,-0.35087719,-0.09259259,-0.38297872,-0.31914894,0.08333333,-0.20930233,0.07894737,-0.08823529,-0.44736842,0.02777778,-0.39473684,-0.04,-0.36842105,-0.20128063
1975-04,-0.046875,-0.39215686,-0.18518519,-0.37037037,-0.47727273,-0.38235294,-0.12121212,-0.15384615,-0.05128205,-0.46153846,-0.3255814,-0.2,-0.08108108,-0.25790902
1975-05,-0.16,-0.24,-0.31914894,-0.11764706,-0.25581395,-0.09756098,0.14285714,-0.44444444,-0.38095238,-0.2972973,0.09302326,-0.22580645,-0.23333333,-0.17430667
1975-06,0.02,0.06818182,-0.30952381,0.0,-0.38297872,0.0,0.08571429,0.0,-0.07692308,0.13333333,-0.14634146,-0.26470588,0.11428571,-0.06324648
1975-07,0.22413793,0.02272727,-0.40425532,-0.18367347,-0.2826087,-0.02564103,0.24242424,-0.1627907,-0.4516129,0.07142857,0.0,-0.19354839,0.4137931,-0.04723572
1975-08,0.13207547,-0.22,-0.425,-0.09803922,-0.07692308,-0.09302326,0.28,-0.10526316,0.10344828,-0.04255319,0.15555556,-0.225,0.21212121,-0.02477819
1975-09,-0.06818182,-0.16666667,0.1627907,0.01851852,-0.0952381,-0.30769231,0.16129032,-0.17021277,-0.05555556,0.19607843,0.02272727,-0.57692308,0.2,-0.04240436
1975-10,-0.34,-0.2,-0.24489796,-0.05263158,0.28888889,-0.09090909,0.14285714,-0.44444444,-0.32258065,0.33333333,-0.09302326,-0.08571429,0.18181818,-0.04023827
1975-11,-0.23076923,-0.32727273,-0.33333333,0.07692308,0.04545455,0.18918919,0.31818182,-0.10810811,0.04,0.20833333,0.04878049,-0.11428571,0.34210526,0.02194223
1975-12,-0.04255319,-0.14035088,-0.22727273,0.0,-0.20754717,0.25714286,0.45945946,0.04255319,-0.03225806,0.0,0.02173913,0.0,0.26315789,0.02929311
1976-01,0.20754717,-0.15,0.02380952,0.15625,0.03488372,0.175,0.1627907,-0.18367347,0.55263158,0.06976744,0.30232558,-0.02777778,0.31034483,0.1514644
1976-02,0.01851852,-0.13043478,0.20754717,0.15217391,-0.025,0.24390244,0.02941176,-0.125,-0.4084507,0.2,0.06976744,-0.03030303,0.38888889,0.05966847
1976-03,0.14285714,-0.25,-0.0625,0.30769231,-0.10891089,0.31707317,0.15625,0.5625,0.17647059,0.29166667,0.0,0.02857143,0.28947368,0.10738701
1976-04,0.22727273,-0.1875,0.22222222,0.31818182,-0.06976744,-0.02631579,0.33333333,0.17647059,0.2,0.22,0.22857143,-0.13333333,0.34146341,0.1395107
1976-05,0.16666667,0.08823529,0.14393939,0.2826087,-0.25,0.26315789,0.125,0.19191919,0.0625,0.23913043,0.11363636,0.02272727,0.35897436,0.1347147
1976-06,-0.21153846,-0.23333333,-0.10416667,0.04918033,-0.10344828,-0.36538462,-0.02325581,-0.24074074,-0.65789474,-0.0952381,-0.16326531,-0.45454545,0.05128205,-0.19263403
1976-07,0.03225806,-0.2,-0.06122449,-0.27083333,-0.23076923,0.28947368,-0.06521739,-0.01980198,-0.3255814,0.35416667,-0.25581395,-0.02941176,0.0952381,-0.05564292
1976-08,-0.11904762,-0.21875,0.06,-0.2,0.22222222,-0.26829268,-0.28571429,0.06976744,-0.58974359,-0.08510638,-0.26086957,-0.03571429,-0.14285714,-0.16032278
1976-09,-0.03636364,-0.23333333,-0.07692308,-0.35,-0.15555556,-0.3125,0.0,-0.07894737,-0.07692308,0.08510638,-0.05263158,0.48717949,0.02777778,-0.05784722
1976-10,0.12698413,-0.20588235,0.11363636,-0.12195122,0.07692308,-0.29545455,-0.075,-0.15909091,0.10416667,-0.20833333,-0.10344828,-0.47222222,-0.06976744,-0.09419576
1976-11,-0.30508475,-0.08333333,-0.12244898,-0.0625,0.1,0.10869565,-0.36842105,-0.05263158,0.26190476,-0.02380952,0.02941176,-0.33333333,-0.10526316,-0.0753485
1976-12,-0.01818182,0.0,0.13333333,-0.02222222,0.23076923,-0.35,0.14285714,-0.26470588,-0.02941176,-0.08163265,-0.14285714,0.06896552,0.02564103,-0.00356161
1977-01,0.10638298,0.02857143,0.35483871,-0.13043478,0.4,0.17142857,-0.02272727,0.13157895,-0.12195122,0.05263158,-0.21621622,0.12121212,0.37777778,0.09345947
1977-02,-0.48979592,-0.23255814,-0.1372549,-0.30434783,0.15384615,-0.2,-0.34375,-0.17021277,-0.65,-0.25531915,-0.20689655,0.02380952,-0.41666667,-0.25491112
1977-03,-0.20408163,-0.0877193,-0.19230769,-0.04081633,0.18367347,-0.58974359,0.19354839,0.08571429,0.02631579,0.3,0.23333333,-0.27777778,0.32394366,-0.01096931
1977-04,0.19047619,-0.02380952,0.31818182,0.22727273,0.31818182,0.175,0.20512821,0.22641509,-0.15789474,0.33333333,0.3030303,0.10526316,0.48648649,0.20672081
1977-05,0.04615385,-0.17073171,0.20408163,0.0,0.42222222,0.0,-0.05405405,0.12765957,-0.10526316,0.38297872,0.08571429,-0.11363636,0.10526316,0.06689405
1977-06,-0.16981132,0.06521739,-0.125,0.0,0.19444444,0.33333333,0.58974359,0.2,0.19047619,0.22,0.05263158,0.11111111,0.05882353,0.12674749
1977-07,-0.11111111,0.03846154,0.07142857,-0.08108108,0.09090909,0.33333333,0.20833333,0.03846154,0.19047619,0.0,0.30555556,-0.11111111,0.14583333,0.09008564
1977-08,0.06521739,0.2,-0.1,-0.2244898,0.02439024,-0.025,-0.21153846,-0.05263158,-0.04081633,0.11320755,-0.24324324,-0.02777778,-0.17073171,-0.05339851
1977-09,-0.04347826,-0.22,0.03846154,-0.21153846,0.16666667,0.28205128,0.14705882,-0.16666667,-0.4047619,-0.08510638,-0.21052632,-0.14285714,0.10526316,-0.04823058
1977-10,-0.09756098,-0.16666667,0.07692308,-0.09615385,-0.02222222,0.28571429,0.18918919,-0.07017544,0.05555556,0.17647059,-0.21428571,0.08333333,0.0,0.02252472
1977-11,-0.06,-0.31818182,0.03773585,-0.13043478,0.3,0.17647059,-0.27272727,0.16216216,-0.5,0.275,0.10526316,0.0,0.10810811,-0.02323051
1977-12,-0.05555556,-0.27272727,0.26086957,-0.0212766,0.09615385,0.16666667,0.33333333,-0.025,-0.09756098,0.02272727,0.14583333,0.33333333,0.13513514,0.08724434
1978-01,0.11904762,0.09803922,0.08,-0.13043478,0.1627907,0.08108108,0.24324324,0.31578947,0.13888889,0.13636364,0.13157895,-0.21621622,0.15625,0.08338603
1978-02,-0.14285714,-0.19148936,-0.07142857,-0.26086957,0.07692308,0.19047619,-0.25,-0.11594203,-0.45945946,-0.2,-0.35,-0.37142857,-0.02439024,-0.1712103
1978-03,-0.12765957,-0.16,-0.09433962,-0.07843137,-0.07843137,-0.13953488,0.18181818,0.02564103,-0.10714286,-0.0952381,-0.19354839,0.05405405,0.30769231,-0.04423014
1978-04,-0.05263158,-0.08333333,0.0754717,0.19354839,0.34146341,-0.10526316,0.15625,0.28947368,0.38888889,-0.14285714,0.15789474,0.48148148,0.27777778,0.14072426
1978-05,0.21621622,-0.08571429,0.18181818,0.09756098,-0.06976744,-0.13513514,0.3030303,-0.12903226,-0.05405405,0.15789474,0.24324324,0.25714286,0.34210526,0.12119507
1978-06,-0.15,-0.05128205,0.015625,-0.08695652,-0.1,0.06818182,0.21052632,0.04761905,-0.16216216,0.13043478,-0.075,-0.07692308,0.275,-0.00021299
1978-07,-0.14285714,-0.28125,0.21568627,-0.16666667,0.12195122,-0.02325581,0.0,-0.14285714,0.02631579,-0.09302326,0.2173913,-0.28125,0.21212121,-0.01623642
1978-08,-0.29787234,0.11428571,0.05357143,-0.12765957,-0.05263158,-0.11627907,0.35135135,0.28,0.11764706,0.19047619,0.27272727,-0.10810811,0.43243243,0.06916173
1978-09,0.21428571,0.02083333,0.0,-0.225,-0.11904762,0.19148936,0.28205128,0.03448276,-0.34285714,-0.05,0.26315789,-0.03225806,0.25,0.03772123
1978-10,-0.23809524,-0.17948718,0.0,-0.39473684,0.025,0.26666667,0.03448276,-0.14,0.01234568,0.14285714,0.15151515,0.17073171,0.11764706,0.00907724
1978-11,-0.21568627,-0.18421053,-0.19642857,-0.3,0.0,0.19565217,-0.05405405,0.02380952,-0.5,-0.26190476,0.13157895,-0.22857143,0.06451613,-0.12909236
1978-12,-0.35714286,-0.25,-0.08333333,-0.04545455,0.02380952,0.19565217,-0.10810811,0.08108108,0.1,-0.27659574,0.05128205,-0.31707317,0.14545455,-0.07679246
1979-01,-0.06382979,0.02222222,-0.28070175,-0.36956522,-0.175,-0.12820513,-0.44736842,-0.25581395,-0.11111111,-0.1875,-0.25,-0.1025641,-0.4375,-0.21092694
1979-03,-0.10714286,0.08,-0.01818182,-0.39534884,0.05263158,0.12195122,-0.38888889,-0.02564103,-0.07894737,-0.08571429,-0.18918919,0.04761905,0.06060606,-0.07505044
1979-04,0.03508772,0.0,-0.04081633,-0.39534884,-0.02173913,0.02380952,0.03448276,0.23809524,-0.17647059,-0.21621622,0.11111111,-0.25925926,0.02857143,-0.07306565
1979-05,-0.33333333,0.13513514,-0.13888889,-0.33333333,-0.15789474,-0.08108108,-0.35294118,0.11627907,-0.22580645,0.06024096,0.0,0.09375,-0.33333333,-0.13895719
1979-07,-0.34090909,-0.3125,-0.18072289,-0.5,-0.11111111,-0.025,-0.07954545,-0.33333333,-0.34210526,-0.25423729,-0.28888889,-0.13157895,-0.27027027,-0.23640577
1979-08,-0.2972973,-0.29545455,-0.03921569,-0.25,0.0,0.14285714,-0.49333333,-0.2244898,-0.51428571,-0.27272727,-0.38636364,0.06666667,-0.31111111,-0.2208554
1979-09,-0.08333333,-0.15151515,-0.3030303,-0.27272727,-0.25,-0.11363636,-0.31034483,-0.19607843,0.17948718,-0.12903226,-0.18181818,0.03333333,-0.18421053,-0.14723564
1979-10,-0.25,-0.10638298,-0.34693878,-0.26829268,0.0952381,0.18181818,0.0,-0.12280702,-0.03125,-0.24489796,-0.43243243,-0.07894737,-0.03703704,-0.12659358
1979-11,-0.34,-0.3015873,-0.42622951,-0.33333333,-0.45945946,-0.38095238,-0.22222222,-0.15,-0.15789474,-0.08823529,-0.26190476,-0.17777778,-0.03030303,-0.26499165
1980-01,-0.12962963,0.05454545,-0.234375,-0.29166667,-0.14285714,-0.19444444,-0.14705882,-0.16666667,-0.11904762,-0.16216216,-0.35897436,-0.14634146,-0.37142857,-0.18695337
1980-03,-0.27659574,-0.06,-0.26470588,-0.27272727,-0.07692308,-0.22727273,-0.18181818,0.01886792,-0.3,0.0,-0.06521739,-0.11627907,-0.13333333,-0.16457272
1980-04,-0.53191489,-0.21428571,-0.61818182,-0.42222222,-0.41463415,-0.46511628,-0.60606061,-0.63265306,-0.61538462,-0.29032258,-0.43478261,-0.46511628,-0.48571429,-0.46364467
1980-05,-0.46,-0.14285714,-0.57627119,-0.55319149,-0.4,-0.40909091,-0.44444444,-0.55102041,-0.51162791,-0.28125,-0.71428571,-0.16666667,-0.35135135,-0.4175864
1980-07,-0.11111111,-0.28205128,-0.28070175,-0.30434783,-0.23404255,-0.22222222,-0.28571429,-0.42857143,-0.46808511,-0.48717949,-0.6,-0.33333333,-0.37837838,-0.33226395
1980-08,-0.33333333,-0.33333333,-0.27777778,-0.3255814,-0.02380952,-0.20930233,-0.02941176,-0.41935484,-0.24390244,-0.02272727,-0.25714286,-0.36111111,-0.29268293,-0.22584301
1980-09,-0.21818182,-0.07317073,-0.10169492,-0.17391304,-0.28571429,-0.15384615,0.09677419,-0.2,-0.5,0.10810811,-0.26190476,-0.41304348,0.03030303,-0.16219032
1980-10,-0.31707317,-0.35897436,-0.15151515,-0.14285714,-0.2,-0.13157895,-0.15625,-0.25,-0.28070175,0.16666667,0.0,-0.48979592,-0.30769231,-0.19748101
1980-11,0.04347826,-0.04651163,-0.19047619,-0.27083333,0.22222222,-0.21428571,-0.15,-0.23529412,-0.14,0.12195122,-0.02702703,-0.40425532,-0.08108108,-0.09473488
1980-12,-0.13636364,-0.17142857,-0.09090909,-0.16666667,-0.25,-0.17073171,-0.11538462,-0.2244898,-0.29310345,-0.175,-0.10416667,-0.43478261,-0.28205128,-0.19921569
1981-01,-0.23076923,-0.06818182,-0.44776119,-0.19047619,-0.02439024,-0.26086957,-0.29032258,-0.35294118,0.06382979,0.11363636,-0.02777778,-0.4047619,-0.30555556,-0.17278333
1981-03,0.14285714,-0.26086957,-0.22058824,0.08888889,0.17073171,0.17391304,-0.82608696,-0.05882353,0.14634146,-0.01754386,-0.12244898,-0.5106383,-0.22857143,-0.12200126
1981-05,-0.23913043,-0.26829268,-0.22222222,-0.02083333,-0.11111111,-0.14893617,-0.05555556,-0.18181818,0.04,0.05,0.375,-0.20930233,-0.04878049,-0.07159703
1981-06,0.0,-0.19565217,-0.22033898,-0.21276596,0.01818182,-0.02272727,-0.06060606,-0.1,-0.09090909,0.12244898,-0.225,-0.1372549,-0.37837838,-0.11691684
1981-08,-0.30612245,-0.48780488,-0.33823529,-0.40909091,-0.04255319,0.13333333,-0.43902439,-0.44615385,-0.36538462,0.26530612,-0.30555556,-0.55813953,-0.24390244,-0.25809782
1981-09,-0.22,-0.21153846,-0.40983607,-0.34693878,-0.19148936,-0.16666667,-0.4137931,-0.22641509,-0.20338983,0.08163265,-0.38461538,-0.78378378,0.0,-0.27086823
1981-11,-0.45,-0.37254902,-0.46551724,-0.45833333,-0.25581395,-0.31428571,-0.6,-0.63636364,-0.58695652,-0.24528302,-0.525,-0.68181818,-0.18918919,-0.42872885
1981-12,-0.43589744,-0.41071429,-0.45762712,-0.70833333,-0.02325581,-0.06976744,-0.6,-0.48888889,-0.39285714,-0.04081633,-0.5,-0.65909091,-0.34210526,-0.38670542
1982-01,-0.49090909,-0.40625,-0.3968254,-0.47058824,-0.30434783,-0.18604651,-0.48717949,-0.60377358,-0.28301887,-0.02173913,-0.2972973,-0.64583333,-0.54054054,-0.37754798
1982-03,-0.42372881,-0.36065574,-0.47142857,-0.24137931,-0.23529412,-0.12820513,-0.42553191,-0.42682927,-0.57446809,-0.10204082,-0.48648649,-0.63043478,-0.11428571,-0.34949496
1982-05,-0.15,-0.24137931,-0.39130435,-0.56862745,-0.2244898,-0.40540541,-0.53846154,-0.5,-0.43636364,-0.16,-0.3,-0.59574468,-0.24324324,-0.35458495
1982-06,-0.22222222,-0.26,-0.36065574,-0.425,-0.27083333,-0.04166667,-0.43103448,-0.47058824,-0.49122807,-0.08510638,-0.41666667,-0.47619048,0.07317073,-0.28395278
1982-08,-0.05660377,0.01587302,-0.41935484,-0.61111111,-0.11363636,-0.21428571,-0.41666667,-0.55102041,-0.5,-0.21052632,-0.42857143,-0.48888889,-0.15625,-0.30000184
1982-09,-0.25,0.01851852,-0.24590164,-0.49122807,-0.19565217,0.01960784,-0.66666667,-0.34693878,-0.30357143,-0.25,-0.31914894,-0.48837209,0.40540541,-0.2305841
1982-11,-0.27536232,-0.0754717,-0.43283582,-0.2295082,-0.08510638,-0.26086957,-0.2173913,-0.34782609,-0.34782609,-0.23529412,-0.40909091,-0.54761905,0.05714286,-0.25493605
1982-12,-0.09836066,0.0,-0.41935484,-0.40677966,0.2244898,0.0,-0.02941176,0.19607843,-0.25,-0.07142857,0.0,-0.51282051,-0.02702703,-0.13255777
1983-02,-0.0952381,0.08,-0.21212121,0.03076923,-0.05128205,0.09302326,0.07017544,-0.07692308,0.15517241,0.27083333,0.0625,-0.25,0.34285714,0.04139079
1983-03,0.0625,0.22580645,-0.06349206,-0.05263158,0.09615385,0.33333333,-0.08474576,0.09677419,0.01923077,0.26530612,0.13888889,0.1,0.23529412,0.10630368
1983-05,0.0,0.07352941,-0.04,0.14084507,0.19607843,0.06521739,-0.07272727,-0.05357143,0.11842105,0.45614035,0.40909091,-0.0952381,0.33333333,0.13205755
1983-07,0.20967742,0.06976744,-0.04109589,0.22727273,0.1509434,0.30232558,0.03571429,0.11111111,0.0,0.35416667,0.22222222,0.2826087,0.225,0.16988355
1983-08,0.15384615,-0.06818182,-0.11111111,0.09677419,0.0952381,0.19148936,0.35384615,0.08196721,0.12195122,0.2,0.26470588,0.27659574,0.14705882,0.14351772
1983-09,-0.1,-0.03448276,-0.16949153,0.01960784,0.06976744,0.04545455,0.26315789,-0.07142857,-0.31914894,0.14583333,0.13157895,-0.14893617,0.05263158,-0.00366898
1983-11,0.42622951,0.33333333,0.13846154,0.21538462,0.26415094,0.05769231,0.17857143,0.20930233,0.19512195,0.28,0.07692308,-0.02702703,0.125,0.18865347
1983-12,0.41818182,0.08888889,0.03278689,0.16071429,0.23913043,-0.08,0.21818182,0.03125,0.22222222,0.3,0.21621622,0.0952381,0.35555556,0.18892635
1984-01,0.11428571,0.18604651,0.10606061,0.13333333,0.15909091,-0.06521739,0.30232558,0.17021277,0.37777778,0.66666667,0.48780488,0.59183673,0.25,0.27583428
1984-03,0.05882353,0.53846154,0.04761905,-0.15384615,-0.02380952,0.26,0.35,0.21212121,0.22222222,0.38297872,0.53658537,0.4,0.0,0.2182529
1984-05,-0.10294118,0.10526316,-0.03333333,0.32,0.16666667,0.0,0.0,0.16071429,0.225,0.26530612,0.29411765,0.11538462,0.21621622,0.13097333
1984-06,-0.07142857,0.16216216,-0.3125,-0.1875,-0.08510638,-0.03571429,0.0,-0.08064516,0.19354839,0.13636364,0.27777778,-0.19230769,-0.15789474,-0.02271664
1984-08,0.0,0.04545455,-0.23880597,-0.22222222,-0.17777778,0.05357143,-0.04651163,0.02702703,-0.14814815,0.20512821,0.02439024,-0.27083333,0.09090909,-0.05707046
1984-09,0.17241379,0.06451613,-0.37096774,-0.17391304,-0.39583333,-0.01785714,-0.12765957,0.10344828,0.24242424,0.28,0.36363636,-0.4,0.0,-0.03027003
1984-10,0.14583333,0.29787234,-0.25396825,-0.14583333,-0.30952381,-0.05555556,0.15686275,0.0,-0.05555556,0.22222222,-0.04761905,-0.46,0.08823529,-0.03475247
1984-12,0.24489796,-0.40909091,-0.1884058,-0.17741935,-0.22222222,-0.04081633,0.0212766,0.0625,-0.25806452,0.24,0.38297872,-0.05454545,-0.125,-0.04886761
1985-01,0.14893617,0.14285714,-0.24590164,-0.05084746,-0.18367347,-0.0212766,0.09090909,0.32258065,0.0,0.41463415,-0.25,0.06818182,0.0,0.00948493
1985-03,0.25,-0.02631579,-0.2244898,0.06382979,-0.17391304,0.04,0.225,0.10526316,0.13888889,0.51351351,0.25,-0.09090909,-0.13513514,0.06920578
1985-05,-0.04,-0.31428571,-0.14035088,-0.03846154,-0.47916667,0.19607843,-0.22727273,0.0,0.08108108,0.51111111,0.1627907,-0.08108108,-0.12121212,-0.04089745
1985-06,-0.20833333,0.06666667,-0.14666667,-0.10869565,-0.16,-0.04081633,-0.28571429,-0.20689655,-0.16666667,0.19148936,0.18918919,-0.13157895,-0.14285714,-0.07866532
1985-08,0.225,0.25,-0.17910448,-0.17647059,-0.3255814,-0.01851852,-0.18604651,-0.22222222,-0.18604651,0.26829268,-0.02702703,-0.14634146,0.10714286,-0.03289175
1985-09,0.10638298,0.11111111,-0.14035088,-0.24528302,-0.1372549,0.02083333,-0.25581395,-0.09090909,-0.26086957,0.33333333,0.24242424,-0.34210526,0.125,-0.03688272
1985-10,0.21276596,-0.12820513,-0.09722222,-0.16326531,-0.33333333,0.0862069,-0.09302326,0.0,0.05128205,0.36111111,-0.07692308,-0.17948718,0.02857143,-0.02762684
1985-12,-0.30232558,-0.19642857,-0.07017544,-0.05882353,-0.58139535,0.05454545,-0.13513514,0.0,-0.075,0.17142857,0.39285714,-0.34146341,0.29032258,-0.07096611
1986-01,0.04255319,0.48571429,-0.19298246,0.35294118,-0.60869565,0.22641509,0.18918919,-0.11538462,0.06976744,0.43243243,0.1875,0.0,0.09090909,0.10631198
1986-03,0.23255814,0.10638298,0.05172414,0.13333333,-0.51219512,0.27659574,0.09302326,0.03636364,-0.3125,0.36585366,0.08108108,-0.45,0.03333333,0.00826588
1986-05,0.02380952,0.16,0.04918033,-0.12,-0.48837209,-0.01960784,-0.34693878,-0.01785714,0.28571429,0.48837209,0.38235294,0.17647059,0.3030303,0.07450095
1986-06,0.225,0.03703704,0.06756757,-0.04444444,-0.6097561,0.02222222,0.16363636,-0.16071429,-0.05263158,0.5,-0.07894737,-0.02857143,0.15151515,0.02938562
1986-08,-0.07142857,-0.05405405,-0.22222222,0.0625,-0.7,-0.2244898,0.26190476,-0.11904762,0.10810811,0.17857143,-0.22857143,0.07692308,0.15384615,-0.05490938
1986-09,-0.14814815,0.06521739,-0.17105263,-0.19047619,-0.36363636,0.0,0.37777778,-0.08,0.0,0.16666667,-0.2,-0.0952381,0.03225806,-0.04388596
1986-10,-0.03773585,0.02272727,-0.21212121,0.07843137,-0.11111111,-0.05454545,0.34146341,0.04761905,0.2,0.18,0.05555556,0.21875,0.21428571,0.07464164
1986-12,0.05357143,0.05263158,-0.05970149,0.07692308,-0.24528302,-0.23529412,-0.10869565,0.31372549,0.14705882,0.33333333,0.125,0.2195122,0.24242424,0.05012337
1987-01,0.34693878,0.22222222,-0.10526316,0.10869565,-0.2173913,0.13953488,0.22222222,0.26666667,0.22222222,0.28846154,0.30555556,0.02857143,0.28571429,0.15395703
1987-03,0.36,0.34146341,0.11363636,0.10869565,-0.30232558,0.0,0.275,-0.01538462,-0.25,0.53488372,0.28571429,-0.27777778,-0.12121212,0.0890065
1987-05,0.06382979,0.08,0.15873016,0.23809524,-0.11904762,0.08,0.3125,0.25925926,0.08823529,0.08888889,0.48648649,0.04545455,0.15151515,0.13955733
1987-06,0.20408163,0.06,0.01886792,0.19230769,-0.25581395,-0.01886792,0.17307692,-0.10958904,-0.23684211,0.30357143,0.06060606,-0.19148936,-0.06451613,0.02041518
1987-08,0.17647059,0.17073171,0.27272727,-0.0625,-0.09302326,-0.03703704,0.54761905,0.07142857,-0.05555556,0.14634146,0.06818182,-0.02631579,0.11111111,0.10156261
1987-09,0.42307692,0.19512195,0.01754386,-0.08108108,0.20408163,0.0754717,0.26666667,0.15789474,-0.11764706,0.1,-0.02857143,-0.07317073,-0.28571429,0.05798151
1987-10,0.4,0.16216216,0.24561404,0.1,-0.30232558,-0.02,0.37735849,0.10344828,0.05128205,0.375,0.075,0.04878049,-0.15384615,0.11325212
1987-12,-0.26,-0.05,0.07843137,-0.175,-0.16666667,-0.03921569,0.06976744,0.0,-0.07692308,0.0,-0.0625,-0.21875,-0.27777778,-0.09821953
1988-01,0.10204082,0.02222222,0.19607843,0.24,-0.33333333,0.0,0.41463415,-0.14285714,-0.41176471,0.11627907,0.33333333,0.15,-0.05263158,0.0647382
1988-03,0.34782609,0.20512821,0.34782609,0.19047619,-0.27906977,-0.12244898,-0.11904762,0.2037037,0.09302326,0.25925926,0.13953488,0.0,0.20512821,0.10563632
1988-05,0.40816327,0.16666667,0.32692308,0.3125,0.07317073,0.11320755,0.35714286,0.29411765,-0.17073171,0.15909091,0.37037037,-0.07692308,0.37837838,0.20149658
1988-06,-0.07692308,0.08888889,0.04545455,-0.06818182,-0.37209302,0.03703704,0.30612245,0.0,-0.225,0.08571429,0.24074074,-0.41025641,-0.26315789,-0.05097119
1988-08,0.24444444,-0.08888889,0.26086957,0.23076923,-0.24444444,-0.04081633,0.16326531,0.0,-0.09302326,0.53488372,0.2745098,0.23404255,-0.58064516,0.07458055
1988-09,0.2244898,-0.10810811,0.07272727,-0.05405405,-0.31111111,-0.02222222,0.11363636,-0.06410256,-0.12195122,0.11428571,0.02222222,-0.1875,-0.275,-0.04438211
1988-10,-0.02083333,-0.31818182,-0.16666667,0.2195122,-0.125,0.05882353,0.24444444,-0.1,-0.02272727,0.44444444,-0.12068966,0.04081633,-0.08108108,0.01273843
1988-11,-0.08510638,0.05769231,0.06818182,0.34210526,-0.30434783,-0.05769231,0.27118644,-0.08823529,-0.21052632,0.2826087,0.08108108,-0.25490196,0.0,0.01585673
1989-01,-0.10204082,0.09756098,0.14285714,0.28205128,-0.275,0.07017544,0.15384615,0.06,0.07317073,0.0,0.07317073,0.2826087,-0.20512821,0.04943934
1989-03,0.19512195,0.0,0.1754386,0.1,-0.08695652,0.0,0.19565217,-0.32,0.08108108,0.15789474,-0.04651163,-0.125,0.03030303,0.05641862
1989-05,-0.22727273,-0.3255814,0.01818182,-0.05405405,-0.14893617,0.07272727,0.15555556,0.03896104,-0.31578947,0.0,-0.08823529,-0.08163265,0.03030303,-0.08039451
1989-06,-0.29268293,-0.14583333,-0.10204082,-0.17948718,0.02173913,-0.24,0.14634146,-0.05882353,-0.15384615,-0.27906977,0.02777778,-0.03921569,-0.41176471,-0.13734018
1989-08,-0.39534884,-0.2826087,-0.02040816,-0.18918919,0.09433962,-0.24074074,-0.05,-0.14,-0.15555556,-0.31578947,0.0,-0.06818182,-0.31428571,-0.16148071
1989-09,-0.17391304,-0.25581395,-0.07894737,-0.11764706,-0.07843137,0.01960784,0.13043478,-0.02,-0.02631579,-0.17647059,0.21568627,0.29166667,-0.18918919,-0.03661107
1989-11,-0.29545455,0.07692308,0.0625,-0.30555556,0.0,0.26415094,0.20408163,-0.04,-0.09302326,-0.2826087,-0.0625,0.15,-0.35135135,-0.05273648
1989-12,-0.33333333,-0.27906977,-0.06349206,-0.05555556,-0.2173913,0.18,0.34090909,0.0625,-0.25,-0.18181818,-0.31111111,-0.09803922,-0.45,-0.14324179
1990-01,-0.36363636,0.02173913,0.25,-0.175,0.06521739,0.15217391,0.33333333,-0.10714286,-0.35897436,-0.07894737,-0.14285714,0.16666667,-0.08333333,-0.01780151
1990-03,-0.2745098,-0.12820513,0.125,-0.025,0.1875,-0.08510638,-0.25925926,-0.3559322,-0.4047619,-0.45714286,-0.19512195,0.0,-0.13157895,-0.13734885
1990-05,-0.04081633,-0.29787234,0.03333333,-0.4,0.0,-0.05263158,0.04255319,-0.11111111,-0.23076923,0.16666667,0.1627907,0.04166667,-0.40540541,-0.08170703
1990-06,-0.20512821,-0.28888889,-0.36170213,-0.10810811,-0.01960784,0.04166667,0.11627907,-0.13207547,-0.27272727,-0.4,-0.02222222,0.15517241,-0.51351351,-0.156565
1990-08,-0.25,-0.12,0.01754386,-0.025,-0.02040816,0.0,0.10638298,-0.20967742,-0.21428571,-0.38888889,-0.16326531,-0.15555556,-0.41025641,-0.1353111
1990-09,-0.39473684,-0.37209302,-0.26415094,-0.16326531,0.10344828,-0.2,0.20408163,-0.31372549,-0.48780488,-0.67567568,-0.46666667,-0.1627907,-0.38235294,-0.27183392
1990-10,-0.48717949,-0.20512821,-0.05172414,-0.35714286,-0.18867925,-0.06382979,-0.11111111,-0.48979592,-0.45945946,-0.76744186,-0.29411765,-0.20408163,-0.45,-0.30332462
1990-12,-0.48648649,-0.31707317,-0.43137255,-0.29411765,0.01724138,-0.1,0.07843137,-0.25454545,-0.5,-0.57142857,-0.34782609,-0.44,-0.125,-0.29313598
1991-01,-0.38888889,-0.41463415,-0.38235294,-0.125,-0.10909091,-0.52272727,-0.09433962,-0.53846154,-0.31707317,-0.52777778,-0.35294118,-0.5862069,-0.39473684,-0.35131414
1991-03,-0.27272727,-0.11363636,-0.33333333,-0.24444444,0.0,-0.125,-0.17391304,-0.20454545,-0.27272727,-0.05128205,-0.39130435,-0.42592593,-0.4047619,-0.234088
1991-05,-0.23684211,-0.35,-0.16666667,0.11111111,-0.38596491,0.16666667,-0.05,-0.0952381,-0.09756098,-0.02941176,0.50980392,-0.12,-0.04651163,-0.05794803
1991-06,0.07142857,0.0,-0.14754098,-0.02272727,0.36734694,0.06122449,0.2244898,-0.11111111,-0.125,-0.10810811,0.0212766,0.06122449,-0.23255814,0.0142547
1991-08,-0.04651163,-0.04081633,-0.03636364,-0.28205128,-0.14754098,0.27083333,0.15384615,-0.15254237,-0.02631579,-0.06666667,0.02173913,-0.08163265,-0.27272727,-0.04618397
1991-09,-0.26785714,-0.39534884,0.08196721,-0.10526316,-0.33333333,-0.10204082,-0.15384615,-0.38461538,-0.10526316,-0.05263158,0.125,-0.49056604,0.0,-0.14993192
1991-10,-0.12727273,-0.31578947,-0.2173913,-0.13333333,-0.09090909,-0.09259259,0.08888889,-0.35087719,-0.20588235,-0.31578947,-0.15151515,-0.6,-0.1025641,-0.18867923
1991-12,-0.28571429,-0.23809524,-0.26785714,-0.12,-0.18,0.02,0.05263158,-0.35483871,-0.22727273,0.0,-0.20512821,-0.39215686,0.0,-0.15363274
1992-01,-0.10416667,-0.25,-0.125,-0.04545455,-0.38888889,-0.09259259,0.08333333,-0.10294118,-0.25,0.13888889,-0.08888889,-0.32,0.0,-0.12023078
1992-03,0.30434783,-0.02325581,0.38636364,0.20454545,0.06,0.06382979,0.34,0.06,-0.02777778,0.13333333,0.48648649,-0.09615385,0.17073171,0.1668709
1992-05,0.26190476,-0.23255814,0.34693878,0.56097561,0.171875,0.04166667,0.26,-0.03773585,0.14285714,0.13157895,0.53846154,-0.26,0.3,0.18864169
1992-06,0.41860465,-0.19444444,0.41176471,0.40625,0.26415094,0.17777778,0.10869565,0.18518519,0.11428571,0.22580645,0.18421053,-0.07142857,0.16216216,0.1839863
1992-08,-0.03125,-0.1627907,0.3,0.13888889,0.1971831,0.17777778,-0.04545455,0.05333333,0.19444444,-0.12820513,0.16666667,-0.19402985,0.0,0.05110255
1992-09,-0.0625,-0.16666667,0.07407407,0.0,0.29411765,0.3877551,0.33333333,-0.10752688,0.11111111,0.23684211,0.26829268,-0.17910448,0.175,0.12268791
1992-11,0.1025641,0.0,0.0,0.175,-0.1875,0.42553191,0.22916667,0.06666667,0.10810811,0.12820513,0.01960784,-0.25423729,0.14705882,0.07445877
1992-12,0.31578947,0.02380952,0.27419355,0.33333333,0.36170213,0.51111111,0.28,0.0,0.16216216,0.19444444,0.35555556,-0.14035088,0.29545455,0.24726708
1993-01,0.68421053,-0.06976744,0.56818182,0.13333333,0.14516129,0.20454545,0.26666667,0.07462687,0.0,0.43243243,0.29545455,-0.18181818,0.31111111,0.2324593
1993-03,0.11764706,0.025,0.47916667,0.43589744,0.17647059,0.09615385,-0.15686275,0.31746032,0.05128205,0.34782609,0.25,0.08163265,0.14583333,0.17083725
1993-05,0.40625,-0.07692308,-0.03773585,-0.02325581,-0.2295082,0.33333333,0.37704918,0.14666667,-0.06,0.35135135,0.37037037,-0.02,0.04444444,0.11961465
1993-06,0.19354839,0.0,0.34545455,0.17948718,0.21818182,0.25,0.44230769,0.09677419,0.08695652,-0.21052632,0.1372549,-0.2244898,-0.10416667,0.10950069
1993-08,0.0,-0.04761905,0.01724138,0.07142857,-0.02173913,0.29166667,0.14285714,0.0,0.11904762,-0.17241379,-0.07317073,0.0,-0.25,0.00644156
1993-09,-0.02777778,-0.07142857,0.3,0.1025641,0.42857143,0.24489796,0.2,0.26086957,-0.09756098,0.16216216,0.16666667,0.07142857,-0.04444444,0.11958993
1993-11,-0.28947368,0.075,0.04081633,0.02702703,0.23076923,0.37254902,0.20895522,0.35483871,0.0,0.48387097,0.36956522,0.24561404,-0.04347826,0.14343459
1993-12,0.35294118,0.02380952,0.32075472,0.17241379,0.34545455,0.28,0.29824561,0.21666667,0.1,0.425,0.5106383,0.13333333,0.24528302,0.26732283
1994-01,0.59459459,-0.13636364,0.29545455,0.3902439,0.21818182,0.21276596,0.30357143,0.03174603,-0.06521739,0.61538462,0.23684211,0.1509434,0.30434783,0.26006243
1994-03,0.09302326,0.0,0.29230769,0.27586207,0.22807018,0.02040816,0.125,0.10294118,-0.25,0.01960784,0.28070175,0.14285714,-0.31818182,0.07580469
1994-05,0.35897436,-0.05555556,0.11764706,0.09677419,0.21428571,0.25531915,0.1754386,0.34482759,0.34210526,0.58823529,0.44230769,0.39622642,0.22222222,0.2628317
1994-06,-0.02439024,0.2,-0.28301887,0.0,0.0625,0.07407407,0.30357143,0.02564103,-0.06382979,0.13043478,0.16,0.35087719,0.19230769,0.09187719
1994-08,0.28571429,0.05,0.08928571,0.34146341,0.1641791,0.18367347,0.35384615,0.10416667,-0.04761905,0.02777778,0.19230769,0.33962264,0.21568627,0.18299479
1994-09,0.19230769,-0.13157895,-0.07272727,0.24137931,-0.12727273,-0.0212766,0.50746269,0.1125,-0.02702703,0.37837838,0.20408163,0.18518519,-0.1875,0.09511769
1994-11,0.04347826,0.24324324,0.19642857,0.12195122,0.0,0.18181818,0.50684932,-0.01492537,-0.23076923,0.31914894,0.04444444,0.09433962,0.09090909,0.13432014
1994-12,0.04347826,0.0,0.11764706,0.11904762,-0.03846154,0.14,0.23188406,0.2375,0.0,0.41666667,0.14893617,0.08695652,0.02564103,0.10764965
1995-01,0.13207547,0.225,0.18,0.05882353,0.22641509,0.19565217,0.01639344,0.18181818,-0.24324324,0.1,0.14583333,0.25641026,0.10526316,0.11655193
1995-03,-0.08695652,-0.16666667,0.25396825,-0.24324324,0.24590164,0.08,-0.125,-0.15789474,0.02564103,-0.06521739,0.2,0.2,-0.02380952,0.02455146
1995-05,-0.20454545,0.06976744,0.10416667,-0.05263158,0.01754386,-0.06818182,0.09375,-0.12962963,-0.11764706,-0.40540541,0.02040816,-0.06122449,-0.02439024,-0.05236583
1995-06,0.04347826,-0.04651163,0.35714286,-0.17647059,0.01886792,-0.19148936,0.06779661,-0.17857143,0.08823529,-0.57142857,-0.08,-0.08695652,-0.3,-0.07311131
1995-08,0.34,-0.18421053,0.12903226,0.15789474,-0.15384615,0.29545455,0.17391304,0.0,-0.07692308,0.17391304,0.19230769,0.04545455,-0.2,0.07441584
1995-09,0.26829268,-0.18421053,0.11538462,0.13888889,0.1,-0.06976744,0.03571429,0.04255319,-0.31578947,0.43333333,-0.2,0.15384615,-0.05263158,0.03525508
1995-11,0.13636364,-0.26190476,0.22,-0.35,0.11111111,-0.21428571,0.22058824,-0.0625,-0.20588235,-0.08108108,0.0952381,0.17073171,-0.34883721,-0.04232986
1995-12,0.5,-0.02272727,0.1509434,-0.04878049,-0.02,-0.09302326,0.13559322,-0.1025641,-0.30232558,0.17142857,-0.06,0.25714286,-0.18181818,0.04053611
1996-01,0.12,-0.02040816,0.05,0.07142857,0.20901639,-0.04,-0.21666667,-0.15,-0.28205128,-0.15625,-0.13636364,-0.08108108,0.27272727,-0.01747072
1996-03,0.12765957,0.08,0.20454545,0.02777778,-0.15966387,0.04444444,-0.23188406,0.15384615,0.23809524,0.22222222,0.35416667,0.15,-0.12,0.07811362
1996-05,0.1509434,0.22222222,0.05882353,0.31578947,0.13207547,0.04,0.15942029,-0.03947368,-0.2195122,0.34285714,0.20408163,0.21052632,0.02083333,0.13650505
1996-06,0.31481481,0.04651163,0.15384615,-0.13888889,0.125,0.33962264,0.2037037,0.09195402,0.30612245,0.23684211,-0.06153846,0.38235294,-0.09756098,0.15090234
1996-08,-0.175,0.21153846,-0.15555556,0.13513514,-0.21568627,0.26530612,0.26470588,0.01470588,0.20833333,0.06666667,-0.06153846,0.375,-0.02272727,0.0746815
1996-09,0.23076923,0.29166667,-0.07272727,-0.07692308,0.08333333,0.05660377,0.33333333,-0.04,0.2,0.28571429,0.0,0.19512195,-0.08163265,0.1204383
1996-10,0.30952381,0.03921569,-0.0625,-0.03508772,0.03571429,0.07317073,0.18918919,0.06956522,0.2826087,-0.21052632,0.03703704,0.43243243,0.02272727,0.09279209
1996-12,0.08888889,0.2962963,0.10344828,-0.1627907,0.12727273,0.18604651,0.25,0.09677419,0.0,0.17948718,0.16363636,0.40540541,0.12244898,0.14667833
1997-01,0.38095238,0.11320755,-0.01785714,-0.19047619,0.17647059,0.02380952,0.08474576,0.15853659,0.31818182,0.05714286,-0.26229508,0.21212121,0.23404255,0.09417049
1997-03,0.20833333,0.17307692,-0.17857143,0.01851852,0.03571429,0.43181818,0.19642857,-0.06024096,0.31914894,0.29545455,0.0877193,0.55813953,-0.02439024,0.17678254
1997-05,0.19047619,0.32727273,0.06896552,-0.02439024,0.14035088,0.21276596,0.13333333,0.10638298,-0.37209302,0.14634146,0.11940299,0.41304348,-0.2173913,0.09483983
1997-06,0.01960784,0.1372549,-0.03076923,-0.125,0.0,0.26,0.0,-0.15625,0.22222222,0.29268293,0.01754386,0.12195122,-0.16326531,0.0626857
1997-08,0.13043478,0.19607843,0.08571429,0.05263158,0.34482759,0.2173913,0.09836066,0.12631579,0.17073171,0.28571429,0.01923077,0.07142857,0.05555556,0.14400829
1997-09,0.20754717,0.23214286,0.19402985,0.05660377,0.31034483,0.14583333,0.29545455,0.1025641,0.25,0.48717949,0.1509434,0.25581395,0.02173913,0.21730269
1997-10,0.20754717,0.26,-0.03389831,0.04651163,0.15,0.13636364,0.1875,0.15853659,-0.02272727,-0.2195122,0.09677419,0.19565217,0.0,0.08368425
1997-12,0.16666667,0.06896552,0.20338983,0.24390244,-0.125,0.27272727,0.05769231,-0.109375,0.21428571,0.19565217,0.125,0.0952381,-0.04651163,0.12266737
1998-01,0.04761905,0.06153846,-0.09259259,0.29787234,-0.0862069,0.125,0.140625,-0.09565217,-0.10638298,0.21621622,0.0,0.04651163,0.0,0.05418335
1998-03,0.36734694,0.03773585,0.15,0.40540541,-0.19402985,0.1372549,0.03278689,0.03333333,0.39583333,0.34883721,-0.05357143,-0.20930233,0.0,0.11819141
1998-05,0.43137255,0.21428571,0.23809524,0.28888889,0.05454545,0.07692308,-0.16176471,0.01298701,0.3,0.14893617,0.14285714,0.12820513,-0.19047619,0.13932237
1998-06,0.35416667,0.1,0.38461538,0.20930233,-0.17021277,0.28301887,0.21052632,0.14,0.30232558,0.41025641,0.32786885,0.02564103,0.57142857,0.25074477
1998-08,-0.15217391,0.0,-0.1147541,0.11111111,-0.17857143,0.09433962,0.0,-0.02739726,0.28571429,0.07317073,0.03571429,0.0,0.0,0.01287922
1998-09,0.04761905,0.04347826,-0.01515152,-0.02083333,-0.53030303,-0.19642857,-0.11235955,-0.140625,-0.11363636,-0.02173913,-0.375,-0.26086957,0.11111111,-0.12034272
1998-11,-0.17647059,-0.26785714,0.0,0.18181818,-0.61016949,-0.03773585,-0.08333333,-0.24096386,-0.32692308,-0.08888889,-0.08928571,-0.41304348,-0.23913043,-0.17925165
1998-12,-0.17391304,-0.01587302,-0.08571429,-0.17391304,-0.32835821,-0.14285714,0.1509434,-0.2,0.15909091,0.12280702,0.32727273,-0.1627907,0.09090909,-0.01936636
1999-01,0.0,-0.16,0.1,0.14285714,0.04761905,-0.10169492,0.07692308,-0.1125,0.23076923,0.6,-0.01694915,-0.25,0.08888889,0.06320111
1999-03,0.26415094,0.11320755,-0.05084746,0.19565217,-0.12698413,-0.01724138,0.22058824,0.10752688,0.52272727,0.57777778,0.19047619,-0.02380952,0.09090909,0.16305056
1999-05,-0.01818182,0.21568627,0.06451613,-0.025,0.08955224,0.17307692,0.08450704,0.18681319,0.33333333,0.45,0.38888889,0.30952381,-0.17777778,0.15734375
1999-06,0.14814815,0.0754717,0.24074074,0.18644068,0.10344828,0.14035088,0.01538462,-0.09655172,-0.25490196,0.45283019,0.21311475,0.2,0.19148936,0.14270978
1999-08,0.30612245,0.0212766,0.1509434,0.0,0.15254237,-0.13207547,-0.04,-0.04950495,-0.04444444,0.06896552,0.10344828,0.18604651,-0.02439024,0.06236958
1999-09,0.2173913,0.25,0.0,0.21276596,0.22641509,0.0754717,0.15662651,-0.09708738,-0.02083333,0.19117647,-0.17460317,0.075,0.06666667,0.10633977
1999-11,-0.04444444,-0.02173913,-0.16393443,0.01818182,-0.12727273,-0.08510638,0.12676056,0.12941176,-0.38095238,0.13461538,0.07407407,0.04255319,-0.06818182,-0.04128719
1999-12,-0.1,0.17857143,-0.03508772,0.03225806,0.07575758,0.0625,0.0875,0.05813953,-0.19512195,0.07843137,0.1,0.17142857,-0.17777778,0.02320496
2000-01,0.25,0.17777778,-0.21428571,0.10909091,0.15068493,0.04081633,0.16216216,-0.02298851,-0.10638298,0.18,0.21052632,0.21428571,-0.06122449,0.09278758
2000-03,0.02083333,0.23214286,0.11666667,-0.01515152,-0.14666667,0.18867925,0.29113924,0.11666667,0.05660377,0.24615385,0.13333333,0.02173913,-0.11363636,0.08598641
2000-05,-0.12,0.05128205,-0.06896552,0.25862069,0.06666667,0.1372549,0.2625,0.05797101,-0.26190476,0.09433962,0.15517241,0.06382979,-0.19230769,0.03720735
2000-06,0.05454545,0.0483871,0.01587302,-0.13793103,0.11842105,-0.01923077,0.43283582,-0.08536585,-0.15217391,-0.17391304,0.0,0.09756098,-0.25,0.00286455
2000-08,-0.13114754,-0.03703704,-0.07462687,-0.03333333,0.05714286,-0.046875,0.04615385,-0.36734694,-0.16,-0.3,-0.28571429,-0.04081633,-0.1,-0.09218781
2000-09,-0.2173913,0.12162162,-0.12698413,-0.3,-0.02898551,-0.09803922,0.05555556,-0.04950495,0.03773585,0.15254237,0.12068966,0.0212766,-0.24,-0.04183154
2000-11,-0.39583333,-0.30769231,0.1147541,-0.31818182,-0.16666667,-0.13207547,-0.01428571,-0.18085106,-0.0625,-0.25925926,0.12068966,0.08163265,-0.32,-0.13828485
2000-12,-0.19607843,-0.04761905,-0.38888889,-0.28571429,-0.33823529,-0.05263158,0.0,-0.27678571,0.03921569,0.19642857,-0.2037037,0.06521739,-0.20689655,-0.11824218
2001-01,-0.32,-0.26785714,-0.56896552,-0.54545455,-0.4,-0.23636364,0.02352941,-0.34745763,-0.08928571,-0.35416667,-0.30357143,-0.52,-0.37254902,-0.32955702
2001-03,-0.16666667,-0.33333333,-0.33333333,-0.20833333,-0.36,-0.28301887,-0.16455696,-0.09803922,-0.08,-0.11320755,0.12280702,-0.34090909,-0.43589744,-0.22470413
2001-05,-0.10416667,-0.37037037,-0.34375,-0.14754098,-0.47058824,-0.12727273,-0.15909091,-0.15,-0.08163265,0.03389831,-0.03448276,-0.58181818,-0.22916667,-0.21799849
2001-06,-0.29411765,-0.50819672,-0.33333333,-0.27272727,-0.26041667,-0.18867925,-0.20430108,-0.3,0.0,-0.26315789,-0.12962963,-0.63461538,-0.19565217,-0.27373559
2001-08,-0.33333333,-0.41176471,-0.31147541,-0.40425532,-0.36190476,-0.15,-0.15116279,-0.39189189,-0.22807018,-0.46153846,-0.35483871,-0.60714286,0.01818182,-0.31310873
2001-09,-0.29787234,-0.27777778,-0.16923077,-0.20689655,-0.39130435,-0.25862069,-0.01176471,-0.25352113,-0.32075472,-0.16129032,-0.18032787,-0.57142857,-0.21153846,-0.25490059
2001-10,-0.57142857,-0.19607843,-0.3902439,-0.1627907,-0.51694915,-0.54237288,-0.3,-0.36170213,-0.56,-0.30612245,-0.30645161,-0.4375,-0.38888889,-0.38990222
2001-11,-0.26666667,-0.42372881,-0.49206349,-0.24,-0.38961039,-0.40740741,-0.27631579,-0.5060241,-0.27272727,-0.40625,-0.36842105,-0.72340426,0.22641509,-0.33668167
2002-01,-0.17073171,-0.125,-0.22033898,-0.09259259,-0.44444444,-0.35714286,-0.2027027,-0.35576923,0.05769231,-0.18181818,-0.14516129,-0.34693878,0.0,-0.18576494
2002-03,0.15217391,0.0862069,-0.07142857,0.04081633,-0.27419355,-0.15254237,-0.08196721,0.06024096,-0.12,0.16071429,0.16666667,-0.4375,0.08510638,-0.03716227
2002-04,0.0,-0.1025641,-0.12280702,0.16666667,-0.16129032,0.0,0.32258065,-0.01886792,0.2,0.36666667,0.12727273,-0.20689655,0.04255319,0.05268183
2002-06,-0.25454545,0.08695652,-0.12121212,0.02,0.015625,-0.16129032,0.18181818,0.04597701,0.06521739,0.36363636,0.10526316,0.13333333,-0.13207547,0.02522721
2002-07,0.03846154,-0.0862069,-0.19354839,0.01754386,-0.14285714,-0.0877193,0.125,-0.22131148,-0.04081633,0.18032787,0.05769231,0.11904762,-0.04761905,-0.00505783
2002-09,0.21568627,-0.33333333,-0.015625,0.0,-0.19117647,-0.16949153,0.15384615,0.00862069,0.06153846,0.0,-0.1875,-0.33333333,0.0,-0.06661573
2002-10,-0.38297872,0.09615385,-0.44444444,-0.56338028,-0.375,-0.19642857,0.0,-0.37037037,-0.12,-0.13793103,-0.1147541,-0.27906977,0.03389831,-0.20699456
2002-11,-0.5,-0.13888889,-0.42105263,-0.14035088,-0.33333333,0.08196721,-0.03703704,-0.30952381,-0.06521739,0.15789474,-0.18309859,-0.4,-0.41509434,-0.1995176
2003-01,-0.35185185,-0.29090909,-0.20689655,-0.14893617,-0.4109589,-0.32258065,-0.01315789,-0.25806452,-0.16981132,0.06,0.0,-0.36734694,0.04444444,-0.18150041
2003-03,-0.0952381,-0.35483871,-0.203125,-0.30357143,-0.16842105,-0.01724138,0.03174603,-0.2244898,-0.42622951,-0.18965517,0.01538462,-0.19607843,-0.30357143,-0.18423663
2003-04,-0.37777778,-0.25925926,-0.31428571,0.03389831,-0.25641026,-0.06666667,-0.03333333,-0.20754717,-0.14035088,-0.38636364,-0.15254237,-0.41463415,-0.12195122,-0.20747308
2003-06,-0.2745098,-0.11290323,-0.34722222,-0.21428571,-0.1875,0.22033898,0.12307692,-0.21818182,0.34782609,-0.21818182,-0.17241379,-0.35714286,-0.10204082,-0.10791319
2003-07,-0.03703704,-0.06122449,-0.1369863,-0.05084746,-0.31958763,0.26229508,0.31746032,-0.05102041,0.25,0.25,-0.04615385,-0.06666667,-0.02439024,0.02807181
2003-09,-0.02040816,0.05970149,-0.10606061,-0.1,-0.02061856,0.20634921,0.05128205,0.16129032,0.29166667,0.20689655,0.03703704,0.29787234,0.21568627,0.09328369
2003-10,0.08163265,-0.03921569,0.0,-0.01639344,-0.16091954,0.18032787,0.14516129,0.10309278,0.34883721,0.41666667,-0.32307692,0.43396226,0.375,0.1201652
2003-11,0.23076923,0.30645161,0.12676056,0.11290323,-0.04761905,0.33870968,0.33333333,0.20689655,0.12244898,0.4,0.34,0.38297872,0.18,0.23556136
2004-01,0.42857143,0.18,-0.07017544,-0.06896552,-0.08045977,0.15873016,0.1969697,0.11570248,0.2173913,0.55769231,0.30769231,0.42553191,0.04761905,0.19171645
2004-03,0.28571429,0.03333333,0.34285714,0.140625,0.1011236,0.15517241,0.26315789,0.31372549,0.4,0.25806452,0.22413793,0.38461538,0.05357143,0.22019774
2004-04,0.25,0.28,0.32307692,0.25,0.07476636,0.34375,0.24615385,0.25742574,0.20454545,0.49090909,0.32142857,0.48888889,0.23913043,0.2927208
2004-06,0.5,0.18965517,0.17808219,0.12698413,0.01162791,0.33333333,0.28571429,0.25773196,0.42307692,0.13559322,0.33333333,0.46511628,0.39583333,0.28152918
2004-07,0.28301887,0.18367347,0.125,-0.06666667,-0.05,0.44067797,0.16176471,-0.08988764,0.2173913,0.34,-0.07692308,0.21276596,0.29545455,0.17217976
2004-09,0.24,-0.05555556,-0.10810811,-0.05,-0.07368421,0.19047619,0.15625,-0.02631579,0.14893617,0.30769231,-0.11666667,0.62790698,0.24528302,0.12604418
2004-10,-0.24489796,0.16326531,0.02631579,-0.28571429,0.09302326,0.16393443,0.29230769,-0.01176471,-0.2173913,0.41666667,0.27083333,0.31707317,0.20930233,0.1003932
2004-12,-0.04,0.01818182,0.1,0.01587302,0.05319149,0.28571429,0.32786885,0.00877193,0.18867925,0.43103448,-0.06779661,0.31111111,0.26415094,0.15733405
2005-01,0.4375,0.20754717,0.08064516,0.16071429,0.06818182,0.24193548,0.25806452,0.30392157,0.36170213,0.3877551,0.35714286,0.60377358,0.3255814,0.29087863
2005-03,0.48148148,0.13793103,0.02941176,0.25,0.04,0.26153846,0.2037037,0.16666667,0.25,0.36734694,0.28333333,0.36170213,0.14893617,0.23461542
2005-04,0.7,0.14545455,0.01515152,-0.03448276,0.05063291,0.37931034,0.30434783,0.20212766,0.13043478,0.32075472,0.10526316,0.53658537,0.18604651,0.23662491
2005-06,0.33333333,-0.14516129,0.0,0.12903226,0.23333333,0.23188406,0.25757576,0.175,0.23404255,0.06,0.33870968,0.51219512,0.08333333,0.18902318
2005-07,0.46153846,0.0,0.32307692,0.29411765,0.38157895,0.37878788,0.33823529,0.3490566,0.13636364,0.30612245,0.43859649,0.39473684,0.34090909,0.31617197
2005-09,0.33962264,-0.12698413,0.15492958,0.1147541,0.11111111,0.23076923,0.56716418,0.38271605,0.07317073,-0.01724138,0.38333333,0.51351351,0.13207547,0.20635153
2005-10,-0.32653061,-0.09803922,-0.14705882,0.07272727,-0.12711864,0.04761905,-0.06153846,0.05172414,0.11627907,-0.15,0.3220339,0.25,0.22727273,0.01047052
2005-11,0.15789474,-0.03225806,0.03174603,0.30612245,0.13592233,0.41176471,0.15625,-0.00970874,0.19148936,-0.14285714,0.17857143,0.525,-0.02173913,0.15815889
2006-01,0.0,0.22,0.15942029,0.05555556,0.17582418,0.12698413,0.33333333,0.23913043,0.02272727,0.09615385,0.16666667,0.44186047,0.1627907,0.16344304
2006-03,0.12698413,0.03333333,0.08108108,0.07692308,0.03809524,0.06060606,0.18032787,0.04761905,0.2173913,-0.1,0.12121212,0.56410256,0.04166667,0.12014362
2006-04,0.04918033,0.05263158,0.03703704,0.11864407,0.14285714,-0.01666667,0.41666667,0.09708738,-0.08510638,0.33962264,0.01666667,0.51219512,0.17073171,0.14620499
2006-06,-0.07936508,0.11594203,-0.06329114,0.05,0.01219512,0.11666667,0.24193548,-0.12230216,0.07142857,-0.18333333,-0.07142857,0.325,-0.06521739,0.03921103
2006-07,-0.11864407,-0.06896552,-0.14666667,-0.20634921,0.19767442,0.0,0.10769231,-0.14285714,-0.04545455,-0.01960784,-0.12068966,0.11363636,0.23684211,-0.00587769
2006-09,-0.03636364,-0.08474576,0.08695652,-0.15254237,-0.20430108,0.03389831,0.14754098,-0.07954545,-0.27906977,-0.12962963,-0.1641791,0.4047619,-0.0212766,-0.03324585
2006-10,0.10909091,-0.07017544,-0.07462687,-0.0483871,-0.05747126,0.21311475,0.13636364,0.07216495,0.19047619,-0.05882353,0.0,0.14285714,-0.05263158,0.03581557
2006-11,-0.23333333,-0.01298701,-0.01428571,-0.18181818,0.0989011,0.16666667,0.12903226,0.05555556,0.40909091,-0.0862069,0.13333333,0.17777778,0.0,0.04884758
2007-01,0.125,-0.03333333,0.02898551,-0.07042254,-0.2,-0.17142857,-0.01694915,0.13861386,0.10638298,0.11111111,0.34920635,0.31111111,-0.09756098,0.03684187
2007-03,-0.06666667,-0.14084507,0.01333333,-0.0625,-0.09090909,0.25,-0.015625,0.00833333,0.04347826,0.03773585,0.01587302,0.3,0.04347826,0.02727941
2007-04,-0.14893617,-0.14285714,-0.03076923,0.33870968,0.06451613,0.16393443,0.03125,0.0,0.11363636,0.1875,-0.35,0.16666667,0.11904762,0.04272486
2007-06,-0.12280702,0.07936508,-0.13043478,-0.04,0.01980198,0.15873016,0.24242424,0.05128205,0.2173913,0.22033898,0.03076923,0.14285714,0.14,0.07986969
2007-07,-0.25,-0.11764706,-0.12857143,0.12,-0.08602151,0.16949153,0.27419355,0.02479339,0.25581395,0.33333333,-0.05,0.2195122,0.02564103,0.06381213
2007-09,-0.43859649,-0.10606061,-0.18421053,-0.18666667,-0.10416667,0.26785714,0.20895522,-0.00877193,0.02,-0.10447761,-0.13846154,0.07142857,-0.15384615,-0.07068711
2007-10,-0.28571429,-0.18055556,-0.14666667,-0.15189873,-0.01219512,-0.0625,0.04615385,-0.23170732,0.23809524,-0.1147541,-0.06153846,-0.1025641,-0.02777778,-0.07182631
2007-11,-0.36363636,-0.34666667,-0.23376623,-0.31428571,-0.3375,0.17741935,0.19672131,-0.07142857,-0.29545455,-0.06557377,-0.12162162,-0.19512195,-0.2195122,-0.1765832
2008-01,-0.18965517,-0.35384615,-0.11666667,-0.18421053,-0.0125,0.05,0.13432836,-0.0776699,-0.26829268,-0.13043478,-0.28571429,-0.23255814,-0.05882353,-0.13736447
2008-03,-0.49019608,-0.37142857,-0.24242424,-0.1,-0.33333333,-0.23636364,-0.12121212,-0.28571429,-0.43902439,-0.70967742,-0.23076923,-0.175,-0.34782609,-0.31643793
2008-04,-0.42857143,-0.27941176,-0.41176471,0.0,-0.29166667,-0.22413793,0.0,-0.34408602,-0.3877551,-0.52112676,-0.13432836,-0.36585366,-0.21428571,-0.27157517
2008-06,-0.4,-0.32352941,-0.328125,-0.01315789,-0.23170732,0.046875,-0.14285714,-0.38461538,-0.51162791,-0.25373134,-0.21333333,-0.33333333,-0.36170213,-0.25551915
2008-07,-0.62222222,-0.50746269,-0.5,-0.03947368,-0.2278481,-0.30909091,-0.14925373,-0.392,-0.5,-0.58064516,-0.34782609,-0.36585366,-0.27272727,-0.36853363
2008-09,-0.58333333,-0.34722222,-0.27142857,-0.22891566,-0.31460674,0.01666667,0.0,-0.32727273,-0.11320755,-0.55172414,-0.27142857,-0.35555556,-0.52083333,-0.29513242
2008-10,-0.55102041,-0.57746479,-0.546875,-0.37662338,-0.47674419,-0.26086957,-0.23611111,-0.48913043,-0.57446809,-0.57627119,-0.53246753,-0.5106383,-0.425,-0.47037946
2008-12,-0.63636364,-0.56756757,-0.56756757,-0.26506024,-0.65882353,-0.69491525,-0.49180328,-0.67326733,-0.7037037,-0.5862069,-0.46052632,-0.7173913,-0.41176471,-0.5634745
2009-01,-0.75,-0.45833333,-0.47619048,-0.44871795,-0.67708333,-0.70149254,-0.59259259,-0.59440559,-0.51851852,-0.68333333,-0.32857143,-0.62790698,-0.52777778,-0.56587652
2009-03,-0.66666667,-0.40298507,-0.50819672,-0.38571429,-0.51578947,-0.31481481,-0.55223881,-0.62068966,-0.59322034,-0.6,-0.54545455,-0.80851064,-0.56818182,-0.5384811
2009-04,-0.59090909,-0.1641791,-0.42647059,-0.25882353,-0.42,-0.50877193,-0.390625,-0.4954955,-0.42307692,-0.53623188,-0.3375,-0.5,-0.53333333,-0.42416012
2009-06,-0.5,-0.31081081,-0.46376812,-0.4,-0.28421053,-0.20634921,-0.41269841,-0.48305085,-0.39215686,-0.32786885,-0.08333333,-0.48837209,-0.52830189,-0.36648918
2009-07,-0.46,-0.31034483,-0.3030303,-0.36144578,-0.38541667,-0.26229508,-0.42424242,-0.40196078,-0.26923077,-0.28070175,-0.22535211,-0.4,-0.53658537,-0.35155376
2009-09,-0.33928571,-0.125,-0.27272727,-0.31764706,-0.22891566,-0.3442623,-0.10447761,-0.07920792,-0.29411765,-0.08333333,0.07142857,-0.38636364,-0.46808511,-0.24106556
2009-10,-0.55555556,-0.28378378,-0.06666667,-0.0617284,-0.3,-0.19354839,-0.18461538,-0.22302158,-0.32,-0.23728814,0.125,-0.18604651,-0.65217391,-0.24303389
2009-12,-0.16,-0.09090909,-0.06578947,-0.34146341,-0.02631579,-0.01666667,0.14516129,-0.08139535,-0.19607843,-0.27586207,-0.16666667,-0.24444444,-0.43396226,-0.15608309
2010-01,-0.16326531,0.2,0.09230769,-0.1,0.18518519,-0.35,0.0,-0.04065041,-0.08695652,-0.03448276,-0.01449275,-0.13636364,-0.21052632,-0.05154953
2010-03,-0.31481481,0.09459459,-0.16393443,0.08045977,0.07407407,-0.03076923,-0.04761905,-0.0877193,-0.13333333,-0.07692308,-0.38571429,-0.13333333,-0.32692308,-0.11368635
2010-04,-0.07843137,0.05714286,0.21052632,0.02469136,0.21686747,0.11111111,0.20967742,0.10909091,0.11666667,0.22413793,0.19480519,0.19565217,-0.27272727,0.10084332
2010-06,-0.05172414,0.22222222,0.20689655,0.15662651,0.25301205,0.23076923,0.203125,0.17105263,0.26315789,0.21917808,0.20253165,0.22727273,0.11111111,0.18701491
2010-07,-0.2745098,0.04054054,-0.15,-0.17948718,-0.07228916,0.04545455,0.14705882,-0.07407407,0.1,-0.25757576,0.02857143,-0.04081633,-0.02631579,-0.05328072
2010-09,-0.44680851,-0.04705882,-0.07407407,0.06024096,0.1011236,0.01587302,0.08571429,-0.16049383,-0.01694915,-0.13432836,-0.31578947,0.0212766,-0.05769231,-0.06737269
2010-10,-0.29166667,-0.015625,0.06779661,-0.12195122,0.15384615,0.17460317,0.12121212,0.17213115,0.02040816,0.07462687,-0.05555556,0.0,-0.02439024,0.0086087
2010-12,-0.10909091,0.02777778,0.19672131,0.07608696,0.16129032,0.47457627,0.25396825,0.22123894,0.21153846,-0.21875,0.20481928,0.04255319,-0.09615385,0.10211142
2011-01,-0.18965517,0.07042254,0.26666667,0.14736842,0.34177215,0.26666667,0.1875,0.02857143,0.09433962,0.25373134,0.28378378,0.22916667,-0.12820513,0.15196313
2011-03,0.07017544,0.09090909,0.20634921,0.04597701,0.26829268,-0.06349206,0.25396825,0.15555556,0.15686275,0.08333333,0.2625,0.35416667,-0.08,0.1374202
2011-04,0.11864407,-0.16216216,0.04761905,0.13333333,0.3253012,0.18032787,0.16923077,0.16935484,0.10169492,0.25,0.27631579,0.24,-0.25714286,0.11859683
2011-06,-0.07575758,0.05797101,-0.10769231,0.04395604,0.3625,0.27118644,0.16393443,0.12195122,-0.12698413,0.11267606,-0.04,0.0625,-0.08163265,0.05355478
2011-07,-0.11290323,-0.171875,0.1,-0.02083333,0.18072289,0.21428571,0.15254237,0.03252033,-0.16071429,-0.07936508,0.09876543,0.06122449,-0.08108108,0.01506407
2011-09,-0.33898305,-0.23188406,-0.36065574,-0.09782609,0.12987013,0.046875,0.09375,-0.08264463,-0.24561404,-0.23333333,-0.25641026,-0.10416667,-0.02083333,-0.13493429
2011-10,-0.13235294,-0.19178082,0.01587302,-0.06451613,-0.06666667,0.09677419,0.24242424,-0.09183673,0.08064516,-0.23076923,-0.27906977,0.0,-0.33333333,-0.07189769
2011-11,-0.07352941,-0.1125,-0.18181818,0.02173913,0.09876543,0.33333333,0.203125,0.16806723,0.11363636,-0.09333333,-0.02380952,0.18367347,-0.29166667,0.0148013
2012-01,0.22972973,-0.04,0.0877193,-0.05263158,0.15730337,0.078125,0.04761905,0.23157895,0.45098039,0.03076923,0.0,0.08695652,-0.34285714,0.06114282
2012-02,0.26229508,0.08641975,0.06666667,0.0625,0.55172414,0.25757576,0.20895522,0.15789474,0.34,0.44444444,0.1547619,0.2,-0.02173913,0.21780032
2012-04,0.14705882,0.27941176,0.10769231,0.19148936,0.31395349,0.41666667,0.21428571,0.28,0.39215686,0.27272727,0.3125,0.36,0.30769231,0.27630288
2012-06,0.08955224,0.125,0.13793103,0.11340206,0.4494382,0.31428571,0.15151515,0.44776119,0.26315789,0.23809524,0.13333333,0.45283019,0.38297872,0.23762665
2012-07,0.296875,0.15873016,-0.15873016,-0.02105263,0.3452381,0.12698413,0.19047619,0.10852713,0.1875,0.0,0.03896104,0.3877551,0.36842105,0.1600965
2012-08,0.07792208,-0.10126582,-0.13461538,-0.03409091,0.28571429,0.28571429,0.23529412,-0.03333333,0.34,0.20289855,0.1375,0.19148936,0.26530612,0.14598889
2012-10,0.15625,0.03076923,-0.32142857,0.03,0.20224719,0.09230769,0.25757576,0.17241379,0.13461538,0.13432836,0.18292683,0.38461538,0.425,0.14243394
2012-11,0.17647059,-0.31343284,-0.2,0.05882353,-0.02380952,0.15384615,0.1969697,-0.0872093,-0.45283019,-0.29487179,0.05,0.28888889,0.41666667,0.00472677
2013-01,0.40677966,0.06060606,-0.07142857,0.04123711,0.05813953,0.171875,0.24657534,0.096,-0.26,0.18309859,-0.08235294,0.34615385,0.26315789,0.11365346
2013-03,0.421875,0.0,-0.05882353,0.05882353,0.10126582,0.14516129,0.2238806,0.072,0.40384615,0.26153846,0.14634146,0.2962963,0.2745098,0.18955957
2013-04,0.37681159,0.08571429,0.04411765,0.08653846,0.38202247,0.23076923,0.15625,0.3028169,0.25,0.03076923,0.01265823,0.42592593,0.42857143,0.20917904
2013-06,0.390625,0.10294118,-0.06060606,0.09174312,0.34567901,0.25806452,0.18333333,0.14189189,0.31372549,0.21428571,-0.03529412,-0.03636364,0.28571429,0.17115399
2013-07,0.19047619,0.2,0.25,0.0625,0.38372093,0.21212121,0.18461538,0.29357798,0.30434783,0.25352113,0.29545455,0.16363636,0.30769231,0.23400716
2013-09,0.1147541,0.06382979,0.22033898,0.01785714,0.35526316,0.2238806,0.10606061,0.15942029,0.09090909,0.24657534,0.07228916,0.30357143,0.35555556,0.18090708
2013-10,0.30769231,0.02898551,-0.20634921,0.11538462,0.33333333,0.17647059,0.1,0.20535714,0.19642857,0.10666667,0.10638298,0.05,0.34146341,0.13803823
2013-12,0.31746032,0.03797468,0.0,0.17307692,0.25531915,0.24590164,0.16666667,0.17557252,0.05555556,0.06493506,0.10891089,0.19672131,0.43478261,0.17144207
2014-01,0.296875,0.19402985,0.30645161,0.16216216,0.4137931,0.01449275,0.21666667,0.275,-0.05660377,0.18309859,0.21212121,0.36507937,0.31707317,0.21876998
2014-03,0.0,-0.10666667,-0.29411765,0.04807692,0.28421053,0.28333333,0.171875,-0.05,-0.19230769,-0.25352113,0.07446809,0.25454545,0.19607843,0.03883122
2014-04,0.19117647,0.11111111,0.18333333,-0.10309278,0.40963855,0.54545455,-0.01639344,0.23350254,0.18867925,0.37333333,0.02222222,0.2,-0.325,0.14837188
2014-06,0.578125,0.09876543,0.12307692,0.31578947,0.35555556,0.42857143,0.015625,0.27777778,0.26,0.21176471,0.2371134,0.18644068,0.29166667,0.25854119
2014-07,0.45714286,0.109375,0.23333333,0.26262626,0.54761905,0.3968254,0.19047619,0.26950355,0.33962264,0.31325301,0.22772277,0.25,0.20408163,0.29433985
2014-09,0.26470588,0.10227273,0.21875,0.19387755,0.58227848,0.41935484,0.29230769,0.31967213,0.30612245,0.23255814,0.21212121,0.32786885,0.26923077,0.28512072
2014-10,0.359375,0.13157895,0.33870968,0.20833333,0.43037975,0.421875,0.0483871,0.26428571,0.26923077,0.41975309,0.16304348,0.39344262,0.23913043,0.28526993
2014-12,0.23333333,0.21794872,0.19672131,0.20618557,0.2625,0.20634921,0.29032258,0.35652174,0.07692308,0.44285714,0.36,0.3220339,0.08163265,0.24140062
2015-01,0.37878788,0.28169014,0.14814815,0.2,-0.01190476,0.09375,0.0,0.17054264,0.2745098,0.18571429,0.23404255,0.13235294,0.16666667,0.17364647
2015-03,0.36363636,-0.02564103,0.0952381,0.15841584,-0.01204819,0.09090909,-0.15873016,0.11811024,0.55102041,0.33333333,0.04123711,0.15384615,0.38297872,0.16451631
2015-04,0.18918919,0.22857143,0.33898305,-0.0990099,0.01282051,0.0862069,0.11111111,0.11333333,-0.34042553,0.13513514,0.10204082,0.07936508,0.0,0.07033232
2015-06,0.34920635,-0.01298701,0.20967742,0.03809524,-0.02325581,0.32758621,0.0,0.11320755,0.01960784,0.35820896,0.33333333,0.25454545,0.26,0.17616816
2015-07,0.29850746,0.02857143,-0.18181818,0.08490566,0.16091954,0.37096774,0.17910448,0.17123288,0.20754717,0.47272727,0.22916667,0.23636364,0.3,0.19891357
2015-09,0.45588235,0.23684211,-0.05263158,0.06185567,0.0,0.08474576,0.078125,0.13286713,0.05660377,0.11666667,0.36082474,0.26785714,0.17241379,0.15326545
2015-10,0.2295082,0.14285714,-0.03125,0.18681319,0.03614458,-0.29824561,-0.06451613,0.0,0.11538462,0.07692308,0.02083333,0.12068966,0.0212766,0.04636822
2015-12,0.19672131,0.01075269,-0.18644068,0.11538462,-0.03703704,0.15,-0.02816901,0.08920188,-0.10204082,0.2,0.15463918,0.25454545,0.03921569,0.06396428
2016-01,0.10526316,0.29268293,-0.16363636,0.00990099,-0.10526316,-0.11290323,0.07246377,0.07142857,-0.08333333,0.21538462,0.20652174,0.13207547,0.25,0.06826305
2016-03,0.12307692,0.06410256,-0.11864407,0.06422018,-0.29333333,-0.2238806,0.02941176,-0.09285714,-0.18367347,-0.25396825,-0.03125,0.0,0.28301887,-0.04507662
2016-04,0.16923077,0.1547619,0.26923077,0.09174312,,0.09677419,,0.21367521,0.04347826,0.30508475,0.33695652,0.34615385,0.37735849,0.21907726
2016-06,0.1641791,0.20987654,0.06451613,0.07619048,0.04705882,-0.05454545,-0.08450704,0.10619469,-0.12765957,0.08333333,0.38297872,0.17241379,0.33333333,0.10559735
2016-07,-0.12903226,0.01408451,0.09259259,0.04950495,0.06097561,0.51785714,0.21126761,0.03409091,-0.01960784,-0.09677419,0.13131313,0.13131313,0.44897959,0.11770616
2016-09,0.078125,-0.2,0.0877193,0.10784314,0.01428571,0.0625,-0.22666667,0.05454545,-0.22222222,0.04615385,0.14736842,0.03636364,0.05454545,-0.00116537
2016-10,-0.04918033,-0.03174603,-0.02985075,0.01,0.12857143,0.38333333,0.0,-0.03191489,-0.06896552,0.41071429,0.14772727,0.03508772,0.24528302,0.09841454
2016-11,0.0,0.02597403,0.10714286,-0.11363636,0.16666667,0.3220339,-0.07246377,0.07142857,0.01923077,0.32727273,-0.02298851,0.01960784,0.12698413,0.07548536
2017-01,0.17741935,0.15625,0.32692308,-0.08,0.28787879,0.31818182,-0.06557377,0.36111111,0.10169492,0.36206897,0.37681159,0.21153846,0.20338983,0.19804859
2017-03,0.25396825,0.03125,0.32608696,0.17391304,0.35294118,0.33333333,0.01515152,0.40540541,0.25,0.14285714,0.43037975,-0.07692308,0.390625,0.21863192
2017-04,0.29411765,-0.08196721,0.12068966,0.23076923,0.33823529,0.43939394,0.10294118,0.32894737,0.25,0.07272727,0.35135135,0.25423729,-0.06060606,0.19265747
2017-05,0.24137931,-0.04477612,0.22222222,0.24657534,0.40625,0.44615385,0.04285714,0.34848485,0.03389831,0.05263158,0.57142857,0.24137931,0.05714286,0.20976186
2017-07,0.2238806,0.171875,0.33928571,0.25396825,0.30985915,0.3442623,0.07142857,0.27631579,0.078125,-0.18867925,0.33333333,0.12280702,0.01587302,0.17300156
2017-09,0.03225806,-0.11111111,0.14814815,0.24324324,0.38666667,0.34375,0.08823529,0.14285714,0.13114754,0.24528302,0.265625,0.22222222,0.0,0.16628901
2017-10,0.02985075,0.11290323,0.01818182,0.02777778,0.04545455,0.43548387,0.25714286,0.28,0.35,0.29787234,0.39189189,0.31746032,0.17741935,0.2051199
2017-11,0.01428571,-0.09615385,0.04761905,0.04109589,0.24615385,0.38461538,0.14492754,0.22222222,0.16176471,0.0754717,0.34666667,0.01639344,0.02898551,0.11765213
2018-01,0.29032258,0.23809524,0.28813559,0.22666667,0.54098361,0.23809524,0.08823529,0.46666667,0.07575758,0.12727273,0.29333333,0.23728814,0.13793103,0.23184309
2018-03,0.19047619,0.06557377,0.38888889,0.24324324,0.21538462,0.58461538,0.24193548,0.46575342,-0.19354839,-0.07272727,0.08333333,0.29508197,0.15714286,0.18328334
2018-04,0.25,0.26666667,0.40625,0.08695652,0.06451613,0.38983051,0.23287671,0.4084507,-0.03125,0.10714286,0.25352113,0.109375,0.21818182,0.19617228
2018-05,0.2238806,0.17741935,0.375,0.38235294,0.12857143,0.64516129,0.15151515,0.33766234,0.16666667,0.28813559,0.30136986,0.34545455,0.08823529,0.27281356
2018-07,0.42424242,0.03508772,0.22033898,0.22972973,0.23809524,0.3559322,0.06060606,0.26027397,0.2173913,0.22222222,0.30555556,0.22413793,0.1,0.21944495
2018-09,0.35384615,0.2295082,0.24193548,0.27941176,-0.0483871,0.35087719,0.32467532,0.15189873,0.0,0.18644068,0.29166667,0.2,0.15277778,0.21356268
2018-10,0.46031746,0.12307692,0.05970149,0.14492754,-0.01785714,0.14516129,0.07246377,0.31168831,-0.02857143,-0.04918033,0.2972973,0.21052632,0.01408451,0.11932897
2018-12,0.30645161,-0.140625,0.19354839,0.26470588,0.03448276,0.31746032,0.19047619,0.18987342,-0.10769231,-0.06896552,0.0,0.10169492,0.10144928,0.09941554
2019-01,0.10606061,-0.1,0.07017544,0.05263158,-0.37288136,0.15625,0.0,0.07692308,-0.24193548,-0.18867925,0.18918919,0.05263158,0.25373134,-0.0019022
2019-03,0.19642857,-0.31343284,-0.05357143,0.16216216,0.03571429,0.44615385,-0.078125,0.13580247,-0.16129032,-0.27118644,0.0,0.11290323,-0.22058824,-0.01206935
2019-04,0.42857143,0.01538462,0.01923077,0.1641791,0.0483871,0.44262295,0.0,0.20987654,-0.08064516,-0.06349206,0.30555556,0.046875,-0.04109589,0.10713112
2019-06,0.06060606,0.16666667,0.05,0.11111111,0.01612903,0.55932203,-0.11940299,0.32467532,0.11290323,0.05172414,0.11764706,0.17460317,-0.10144928,0.09998835
2019-07,0.24615385,-0.35294118,-0.08928571,-0.05263158,0.06349206,0.11290323,-0.04166667,0.0,-0.22580645,-0.12307692,0.23529412,-0.03225806,-0.07017544,-0.0274999
2019-09,-0.20634921,0.01408451,-0.01639344,-0.04347826,-0.09677419,0.08064516,0.04109589,0.05,0.2238806,0.04918033,0.01298701,-0.08,-0.14925373,-0.01419794
2019-10,0.26666667,-0.02597403,-0.07575758,-0.06153846,0.04477612,0.12903226,0.07462687,0.09302326,-0.29230769,0.15873016,0.17105263,0.12121212,-0.09230769,0.03485095
2019-11,0.16129032,0.29411765,-0.01428571,0.25714286,-0.07936508,0.13333333,0.03030303,0.20930233,-0.3442623,0.03174603,0.03947368,0.29032258,-0.1884058,0.05095088
2020-01,0.0877193,0.078125,0.20967742,0.25396825,0.31034483,0.06451613,0.19047619,0.31034483,-0.03225806,-0.01470588,0.16901408,0.02739726,0.04477612,0.11575422
2020-03,0.06896552,0.06896552,-0.01538462,0.07042254,-0.15,0.20634921,0.21875,0.11904762,-0.0625,0.07575758,0.30136986,0.01408451,0.05479452,0.07096455
2020-04,-0.47142857,-0.16393443,-0.49333333,-0.59649123,-0.63492063,-0.67647059,-0.55172414,-0.69444444,-0.70491803,-0.43835616,-0.34567901,-0.54054054,-0.34848485,-0.49719013
2020-05,-0.53521127,-0.33823529,-0.51388889,-0.43478261,-0.61643836,-0.65625,-0.4084507,-0.62820513,-0.44262295,-0.52380952,-0.61643836,-0.3902439,-0.43283582,-0.49243397
2020-07,-0.29850746,-0.15714286,0.06329114,-0.15,-0.2,-0.11940299,-0.30985915,-0.01265823,-0.0952381,-0.11111111,-0.12328767,-0.09459459,-0.07575758,-0.13930086
2020-09,-0.37313433,-0.20895522,0.20833333,-0.07142857,-0.17910448,-0.02985075,-0.15277778,0.025,-0.27118644,-0.16176471,-0.01333333,-0.05882353,-0.17333333,-0.12377993
2020-10,-0.01470588,0.04545455,0.16438356,-0.06779661,0.046875,-0.06349206,-0.10294118,0.30769231,-0.06060606,0.03225806,-0.0625,0.07692308,0.07042254,0.00535625
2020-12,-0.07246377,-0.04615385,0.32857143,0.02777778,-0.15384615,0.23188406,-0.24242424,-0.01388889,-0.29508197,-0.19047619,0.06493506,0.05479452,-0.02941176,-0.02682459
2021-01,-0.07352941,0.12698413,0.14084507,-0.08333333,0.04615385,0.125,-0.04545455,0.04,-0.32786885,-0.10714286,-0.16,0.05633803,-0.21311475,-0.04292689
2021-03,0.28571429,0.13793103,0.14925373,0.1875,-0.04761905,0.42647059,0.06060606,0.2195122,-0.09677419,0.11111111,0.01388889,0.01492537,-0.30136986,0.07846983
2021-04,0.05555556,0.1,0.2,0.23728814,0.1884058,0.60294118,0.12903226,0.475,0.31746032,0.06666667,0.21518987,0.1369863,0.03174603,0.19010601
2021-06,0.04054054,0.33333333,0.16666667,0.13432836,0.24657534,0.47368421,0.25373134,0.425,0.29032258,0.2,0.18055556,0.24615385,0.09459459,0.2217072
2021-07,0.12,0.125,0.23188406,0.22033898,0.06666667,0.56521739,0.09375,0.32,0.5,0.0,0.36619718,0.01449275,0.23529412,0.2115701
2021-09,0.14285714,-0.01515152,0.07692308,-0.16176471,0.20588235,0.01492537,0.16666667,0.18421053,0.1641791,0.0,0.02777778,-0.10769231,-0.12658228,0.03233506
2021-10,-0.01315789,0.046875,0.06944444,0.14754098,0.17460317,0.10294118,0.0,0.27272727,0.15625,-0.23880597,-0.04054054,-0.04477612,0.03125,0.03263535
2021-12,0.23529412,-0.125,0.1369863,0.24193548,0.11111111,0.3015873,0.04615385,0.3625,0.27692308,0.27419355,0.15584416,-0.04109589,0.14285714,0.14639918
2022-01,0.23611111,0.15151515,0.06153846,0.08474576,0.23611111,0.13235294,0.16129032,0.44,0.06557377,-0.18965517,0.32051282,-0.03333333,0.015625,0.10353233
2022-03,0.19402985,-0.06060606,0.05479452,-0.16923077,-0.06153846,0.14516129,0.21126761,0.14102564,-0.01612903,-0.14545455,0.07462687,-0.07936508,-0.06153846,0.00716814
2022-04,-0.01388889,0.01538462,0.04477612,-0.03125,0.16393443,-0.01428571,-0.10144928,0.26315789,0.06060606,-0.04918033,0.22222222,-0.01351351,0.05970149,0.0285881
2022-06,-0.08571429,-0.23728814,-0.09859155,-0.22857143,-0.14285714,0.0,0.13513514,0.03846154,-0.11267606,-0.2,0.078125,0.11666667,-0.24193548,-0.08480894
2022-07,-0.13888889,-0.07352941,-0.14705882,-0.59090909,-0.34246575,-0.35820896,0.09859155,-0.19230769,-0.140625,-0.19047619,-0.05633803,-0.22857143,-0.33898305,-0.20895526
2022-09,0.01515152,-0.12121212,-0.15492958,-0.24193548,-0.15942029,-0.19402985,-0.09859155,0.03409091,-0.12857143,-0.09090909,-0.22857143,-0.08695652,-0.28333333,-0.14777576
2022-10,-0.01428571,-0.08571429,-0.19402985,-0.46031746,-0.11842105,-0.10769231,-0.02777778,-0.07692308,-0.12903226,-0.12121212,-0.26027397,-0.2125,-0.44117647,-0.18103611
2022-11,-0.3,-0.296875,-0.16176471,-0.55223881,-0.33333333,-0.359375,-0.06944444,-0.25287356,-0.13636364,-0.31818182,-0.29166667,-0.20895522,-0.31818182,-0.27886504
2023-01,-0.27941176,0.07462687,-0.16666667,-0.4,-0.17647059,-0.44444444,-0.23943662,-0.24096386,-0.07246377,-0.17460317,-0.23943662,-0.02857143,-0.25,-0.19973985
2023-03,-0.05882353,-0.10344828,-0.04615385,-0.48387097,-0.22857143,-0.48214286,-0.10666667,0.13333333,-0.02816901,-0.20967742,-0.22666667,-0.04225352,-0.23880597,-0.18793751
2023-04,0.07042254,-0.20689655,-0.25373134,-0.32786885,-0.17808219,-0.35483871,-0.08,-0.04347826,-0.13636364,-0.42622951,-0.41333333,-0.28125,-0.11111111,-0.22494023
2023-05,-0.10144928,-0.31034483,-0.35294118,-0.46153846,-0.09722222,-0.28125,-0.12328767,-0.03571429,-0.12121212,-0.09090909,-0.10810811,-0.3,-0.22033898,-0.21405016
2023-07,0.02777778,0.078125,-0.27941176,-0.0952381,-0.31081081,-0.33870968,-0.05555556,-0.10869565,0.03076923,-0.3030303,-0.2972973,-0.11267606,-0.31506849,-0.1642605
2023-09,-0.01408451,0.078125,-0.23943662,-0.19402985,-0.38461538,-0.06060606,-0.16901408,0.09090909,-0.07575758,-0.21126761,0.06578947,-0.05479452,-0.25,-0.12580764
2023-10,-0.43661972,-0.24137931,-0.41333333,-0.19402985,-0.4025974,-0.35820896,-0.04109589,-0.1744186,-0.22727273,-0.15873016,-0.38571429,-0.06944444,-0.47761194,-0.2838365
2023-11,-0.16438356,-0.31746032,-0.34782609,-0.4,-0.32857143,-0.23809524,-0.16176471,-0.37209302,-0.31884058,-0.41666667,-0.21538462,-0.20289855,-0.36065574,-0.28937896
2024-01,-0.30645161,-0.22413793,0.015625,-0.1147541,-0.28358209,-0.51785714,-0.15492958,-0.05128205,-0.11428571,-0.0625,-0.33823529,-0.109375,-0.01785714,-0.18569505
2024-03,-0.08695652,0.01694915,-0.22222222,0.16071429,0.09375,-0.1875,-0.13157895,-0.09638554,-0.12857143,-0.36231884,-0.2,0.09589041,-0.38095238,-0.11106637
2024-04,0.20588235,0.34482759,0.05797101,0.14754098,-0.09090909,-0.09090909,0.07894737,0.16470588,-0.05633803,-0.20289855,-0.265625,-0.17910448,0.10606061,0.00462047
2024-05,-0.02777778,0.05084746,0.04225352,-0.06779661,-0.18461538,-0.25862069,0.09333333,0.24390244,0.02702703,0.140625,-0.17241379,-0.015625,-0.43859649,-0.06761328
2024-07,-0.28947368,0.07575758,-0.09722222,-0.33870968,-0.13846154,-0.21311475,-0.25714286,0.0952381,-0.14285714,-0.11111111,-0.16923077,-0.16666667,-0.06779661,-0.15966912
2024-09,-0.22368421,-0.01694915,-0.01449275,-0.26229508,-0.37681159,-0.1969697,-0.3,-0.31764706,-0.14492754,-0.02941176,-0.19047619,-0.26984127,-0.32307692,-0.19574468
2024-10,-0.25,0.12068966,0.0,-0.10526316,-0.11428571,-0.2238806,-0.25714286,-0.05813953,-0.26666667,-0.109375,0.06451613,-0.015625,-0.14285714,-0.1083242
2024-12,0.0,-0.13333333,0.13043478,0.0,0.13432836,-0.05263158,-0.16666667,0.15294118,0.11267606,0.15873016,-0.49206349,-0.01515152,-0.16216216,-0.04048662
2025-01,0.10810811,0.21428571,-0.04477612,0.23636364,0.15492958,-0.07936508,-0.08695652,0.35227273,0.26760563,0.03125,-0.11111111,0.08219178,0.08474576,0.07143928
2025-03,-0.17910448,0.03508772,-0.01492537,-0.05555556,-0.02816901,-0.15254237,-0.02816901,0.01176471,0.05633803,-0.19444444,-0.41818182,-0.12857143,-0.21538462,-0.11030186
2025-04,-0.35135135,-0.0952381,-0.03125,-0.20754717,-0.29411765,-0.37931034,-0.43661972,-0.30434783,-0.18181818,-0.36764706,-0.41666667,-0.34666667,-0.28358209,-0.28265125
2025-06,-0.23529412,-0.33333333,-0.06493506,-0.10909091,-0.33333333,-0.43548387,-0.20833333,-0.2,-0.22368421,-0.13888889,-0.01639344,-0.39726027,-0.38333333,-0.23994701
2025-07,-0.10606061,0.01666667,-0.13846154,-0.20689655,-0.25974026,-0.05454545,-0.17142857,-0.07228916,-0.22972973,-0.359375,-0.02985075,-0.34328358,-0.29230769,-0.18125109
2025-09,-0.24637681,-0.04545455,0.08450704,-0.01612903,-0.12676056,-0.18333333,-0.36764706,-0.12195122,-0.04109589,0.15625,-0.13114754,-0.23287671,-0.109375,-0.10495329
2025-10,-0.17333333,0.0,-0.09859155,-0.01639344,-0.12162162,-0.32142857,-0.46428571,-0.09195402,-0.13513514,-0.24242424,-0.21875,-0.33766234,-0.33898305,-0.20571742
2025-11,-0.04,-0.16949153,0.06849315,-0.03448276,-0.40298507,-0.25,-0.26666667,-0.13580247,-0.05555556,-0.44927536,-0.03508772,-0.17105263,-0.36666667,-0.18106423
